Month,Product,Issue,Submitted via,Company response to consumer,Timely response?,Complaints
2024-01,Checking or savings account,Closing an account,Web,Closed with explanation,Yes,21
2024-01,Checking or savings account,Closing an account,Web,Closed with monetary relief,Yes,3
2024-01,Checking or savings account,Closing an account,Web,Closed with non-monetary relief,Yes,5
2024-01,Checking or savings account,Incorrect information on your report,Web,Closed with explanation,Yes,1
2024-01,Checking or savings account,Managing an account,Web,Closed with explanation,Yes,67
2024-01,Checking or savings account,Managing an account,Web,Closed with monetary relief,Yes,13
2024-01,Checking or savings account,Managing an account,Web,Closed with non-monetary relief,Yes,12
2024-01,Checking or savings account,Opening an account,Web,Closed with explanation,Yes,13
2024-01,Checking or savings account,Opening an account,Web,Closed with monetary relief,Yes,1
2024-01,Checking or savings account,Opening an account,Web,Closed with non-monetary relief,Yes,3
2024-01,Checking or savings account,Problem caused by your funds being low,Web,Closed with explanation,Yes,2
2024-01,Checking or savings account,Problem caused by your funds being low,Web,Closed with monetary relief,Yes,3
2024-01,Checking or savings account,Problem with a lender or other company charging your account,Web,Closed with explanation,Yes,16
2024-01,Checking or savings account,Problem with a lender or other company charging your account,Web,Closed with monetary relief,Yes,5
2024-01,Checking or savings account,Problem with a lender or other company charging your account,Web,Closed with non-monetary relief,Yes,1
2024-01,Credit card,"Advertising and marketing, including promotional offers",Web,Closed with explanation,Yes,3
2024-01,Credit card,"Advertising and marketing, including promotional offers",Web,Closed with monetary relief,Yes,1
2024-01,Credit card,"Advertising and marketing, including promotional offers",Web,Closed with non-monetary relief,Yes,2
2024-01,Credit card,Closing your account,Web,Closed with explanation,Yes,17
2024-01,Credit card,Closing your account,Web,Closed with monetary relief,Yes,1
2024-01,Credit card,Fees or interest,Web,Closed with explanation,Yes,12
2024-01,Credit card,Fees or interest,Web,Closed with monetary relief,Yes,7
2024-01,Credit card,Fees or interest,Web,Closed with non-monetary relief,Yes,1
2024-01,Credit card,Getting a credit card,Web,Closed with explanation,Yes,21
2024-01,Credit card,Getting a credit card,Web,Closed with monetary relief,Yes,1
2024-01,Credit card,Getting a credit card,Web,Closed with non-monetary relief,Yes,3
2024-01,Credit card,Improper use of your report,Web,Closed with explanation,Yes,1
2024-01,Credit card,Incorrect information on your report,Web,Closed with explanation,Yes,4
2024-01,Credit card,Incorrect information on your report,Web,Closed with non-monetary relief,Yes,1
2024-01,Credit card,"Other features, terms, or problems",Web,Closed with explanation,Yes,16
2024-01,Credit card,"Other features, terms, or problems",Web,Closed with monetary relief,Yes,2
2024-01,Credit card,"Other features, terms, or problems",Web,Closed with non-monetary relief,Yes,4
2024-01,Credit card,Problem when making payments,Web,Closed with explanation,Yes,4
2024-01,Credit card,Problem when making payments,Web,Closed with monetary relief,Yes,1
2024-01,Credit card,Problem with a company's investigation into an existing problem,Web,Closed with explanation,Yes,1
2024-01,Credit card,Problem with a purchase shown on your statement,Web,Closed with explanation,Yes,26
2024-01,Credit card,Problem with a purchase shown on your statement,Web,Closed with monetary relief,Yes,23
2024-01,Credit card,Problem with a purchase shown on your statement,Web,Closed with non-monetary relief,Yes,2
2024-01,Credit card,Trouble using your card,Web,Closed with explanation,Yes,7
2024-01,Credit card,Trouble using your card,Web,Closed with non-monetary relief,Yes,1
2024-01,Credit card,Unable to get your credit report or credit score,Web,Closed with explanation,Yes,1
2024-01,Credit reporting or other personal consumer reports,Credit monitoring or identity theft protection services,Web,Closed with explanation,Yes,8
2024-01,Credit reporting or other personal consumer reports,Credit monitoring or identity theft protection services,Web,Closed with non-monetary relief,Yes,4
2024-01,Credit reporting or other personal consumer reports,Improper use of your report,Web,Closed with explanation,Yes,299
2024-01,Credit reporting or other personal consumer reports,Improper use of your report,Web,Closed with monetary relief,Yes,1
2024-01,Credit reporting or other personal consumer reports,Improper use of your report,Web,Closed with non-monetary relief,Yes,298
2024-01,Credit reporting or other personal consumer reports,Incorrect information on your report,Web,Closed with explanation,No,2
2024-01,Credit reporting or other personal consumer reports,Incorrect information on your report,Web,Closed with explanation,Yes,291
2024-01,Credit reporting or other personal consumer reports,Incorrect information on your report,Web,Closed with non-monetary relief,Yes,404
2024-01,Credit reporting or other personal consumer reports,Problem with a company's investigation into an existing issue,Web,Closed with explanation,Yes,2
2024-01,Credit reporting or other personal consumer reports,Problem with a company's investigation into an existing problem,Web,Closed with explanation,Yes,134
2024-01,Credit reporting or other personal consumer reports,Problem with a company's investigation into an existing problem,Web,Closed with monetary relief,Yes,1
2024-01,Credit reporting or other personal consumer reports,Problem with a company's investigation into an existing problem,Web,Closed with non-monetary relief,Yes,155
2024-01,Credit reporting or other personal consumer reports,Problem with fraud alerts or security freezes,Web,Closed with explanation,Yes,6
2024-01,Credit reporting or other personal consumer reports,Problem with fraud alerts or security freezes,Web,Closed with non-monetary relief,Yes,6
2024-01,Credit reporting or other personal consumer reports,Unable to get your credit report or credit score,Web,Closed with explanation,Yes,9
2024-01,Credit reporting or other personal consumer reports,Unable to get your credit report or credit score,Web,Closed with non-monetary relief,Yes,4
2024-01,Debt collection,Attempts to collect debt not owed,Web,Closed with explanation,Yes,56
2024-01,Debt collection,Attempts to collect debt not owed,Web,Closed with non-monetary relief,Yes,22
2024-01,Debt collection,Communication tactics,Web,Closed with explanation,No,1
2024-01,Debt collection,Communication tactics,Web,Closed with explanation,Yes,8
2024-01,Debt collection,Communication tactics,Web,Closed with non-monetary relief,Yes,4
2024-01,Debt collection,Electronic communications,Web,Closed with explanation,Yes,1
2024-01,Debt collection,False statements or representation,Web,Closed with explanation,No,3
2024-01,Debt collection,False statements or representation,Web,Closed with explanation,Yes,12
2024-01,Debt collection,False statements or representation,Web,Closed with monetary relief,Yes,2
2024-01,Debt collection,False statements or representation,Web,Closed with non-monetary relief,Yes,3
2024-01,Debt collection,Threatened to contact someone or share information improperly,Web,Closed with explanation,Yes,2
2024-01,Debt collection,Took or threatened to take negative or legal action,Web,Closed with explanation,No,1
2024-01,Debt collection,Took or threatened to take negative or legal action,Web,Closed with explanation,Yes,16
2024-01,Debt collection,Took or threatened to take negative or legal action,Web,Closed with non-monetary relief,Yes,1
2024-01,Debt collection,Written notification about debt,Web,Closed with explanation,No,1
2024-01,Debt collection,Written notification about debt,Web,Closed with explanation,Yes,96
2024-01,Debt collection,Written notification about debt,Web,Closed with non-monetary relief,Yes,109
2024-01,Debt collection,Written notification about debt,Web,Untimely response,No,1
2024-01,Debt or credit management,Charged upfront or unexpected fees,Web,Closed with explanation,Yes,2
2024-01,Debt or credit management,Confusing or missing disclosures,Web,Closed with explanation,Yes,1
2024-01,Debt or credit management,Didn't provide services promised,Web,Closed with explanation,No,1
2024-01,Debt or credit management,Didn't provide services promised,Web,Closed with explanation,Yes,2
2024-01,Debt or credit management,Didn't provide services promised,Web,Untimely response,No,1
2024-01,Debt or credit management,Problem with customer service,Web,Closed with explanation,Yes,1
2024-01,Debt or credit management,Unauthorized withdrawals or charges,Web,Closed with explanation,Yes,1
2024-01,"Money transfer, virtual currency, or money service",Confusing or misleading advertising or marketing,Web,Closed with explanation,Yes,1
2024-01,"Money transfer, virtual currency, or money service",Fraud or scam,Web,Closed with explanation,No,2
2024-01,"Money transfer, virtual currency, or money service",Fraud or scam,Web,Closed with explanation,Yes,18
2024-01,"Money transfer, virtual currency, or money service",Fraud or scam,Web,Closed with monetary relief,Yes,2
2024-01,"Money transfer, virtual currency, or money service",Lost or stolen money order,Web,Closed with explanation,Yes,2
2024-01,"Money transfer, virtual currency, or money service","Managing, opening, or closing your mobile wallet account",Web,Closed with explanation,Yes,1
2024-01,"Money transfer, virtual currency, or money service",Money was not available when promised,Web,Closed with explanation,Yes,4
2024-01,"Money transfer, virtual currency, or money service",Money was not available when promised,Web,Closed with monetary relief,Yes,1
2024-01,"Money transfer, virtual currency, or money service",Other service problem,Web,Closed with explanation,Yes,2
2024-01,"Money transfer, virtual currency, or money service",Other transaction problem,Web,Closed with explanation,Yes,10
2024-01,"Money transfer, virtual currency, or money service",Other transaction problem,Web,Closed with monetary relief,Yes,2
2024-01,"Money transfer, virtual currency, or money service",Problem adding money,Web,Closed with explanation,Yes,2
2024-01,"Money transfer, virtual currency, or money service",Trouble accessing funds in your mobile or digital wallet,Web,Closed with explanation,Yes,3
2024-01,"Money transfer, virtual currency, or money service",Trouble accessing funds in your mobile or digital wallet,Web,Closed with monetary relief,Yes,1
2024-01,"Money transfer, virtual currency, or money service",Unauthorized transactions or other transaction problem,Web,Closed with explanation,Yes,2
2024-01,"Money transfer, virtual currency, or money service",Unauthorized transactions or other transaction problem,Web,Closed with monetary relief,Yes,2
2024-01,"Money transfer, virtual currency, or money service",Wrong amount charged or received,Web,Closed with explanation,Yes,1
2024-01,Mortgage,Applying for a mortgage or refinancing an existing mortgage,Web,Closed with explanation,Yes,5
2024-01,Mortgage,Incorrect information on your report,Web,Closed with explanation,Yes,2
2024-01,Mortgage,Problem with a company's investigation into an existing problem,Web,Closed with explanation,Yes,2
2024-01,Mortgage,Struggling to pay mortgage,Web,Closed with explanation,Yes,16
2024-01,Mortgage,Struggling to pay mortgage,Web,Closed with non-monetary relief,Yes,1
2024-01,Mortgage,Trouble during payment process,Web,Closed with explanation,Yes,21
2024-01,Mortgage,Trouble during payment process,Web,Closed with monetary relief,Yes,1
2024-01,"Payday loan, title loan, personal loan, or advance loan",Charged fees or interest you didn't expect,Web,Closed with explanation,Yes,1
2024-01,"Payday loan, title loan, personal loan, or advance loan",Charged fees or interest you didn't expect,Web,Closed with monetary relief,Yes,2
2024-01,"Payday loan, title loan, personal loan, or advance loan",Getting a line of credit,Web,Closed with explanation,Yes,3
2024-01,"Payday loan, title loan, personal loan, or advance loan",Getting the loan,Web,Closed with explanation,Yes,2
2024-01,"Payday loan, title loan, personal loan, or advance loan",Issues with repayment,Web,Closed with explanation,Yes,1
2024-01,"Payday loan, title loan, personal loan, or advance loan",Money was taken from your bank account on the wrong day or for the wrong amount,Web,Closed with explanation,Yes,1
2024-01,"Payday loan, title loan, personal loan, or advance loan",Struggling to pay your loan,Web,Closed with explanation,Yes,2
2024-01,"Payday loan, title loan, personal loan, or advance loan",Vehicle was repossessed or sold the vehicle,Web,Closed with explanation,Yes,1
2024-01,"Payday loan, title loan, personal loan, or advance loan",Vehicle was repossessed or sold the vehicle,Web,Closed with non-monetary relief,Yes,1
2024-01,Prepaid card,Problem getting a card or closing an account,Web,Closed with explanation,Yes,2
2024-01,Prepaid card,Problem getting a card or closing an account,Web,Closed with monetary relief,Yes,1
2024-01,Prepaid card,Problem with a purchase or transfer,Web,Closed with explanation,Yes,2
2024-01,Prepaid card,Problem with a purchase or transfer,Web,Closed with monetary relief,Yes,1
2024-01,Prepaid card,Problem with overdraft,Web,Closed with explanation,Yes,1
2024-01,Prepaid card,Trouble using the card,Web,Closed with explanation,Yes,17
2024-01,Prepaid card,Trouble using the card,Web,Closed with monetary relief,Yes,16
2024-01,Student loan,Dealing with your lender or servicer,Web,Closed with explanation,No,7
2024-01,Student loan,Dealing with your lender or servicer,Web,Closed with explanation,Yes,40
2024-01,Student loan,Dealing with your lender or servicer,Web,Closed with monetary relief,Yes,1
2024-01,Student loan,Dealing with your lender or servicer,Web,Closed with non-monetary relief,Yes,1
2024-01,Student loan,Dealing with your lender or servicer,Web,Untimely response,No,1
2024-01,Student loan,Incorrect information on your report,Web,Closed with explanation,Yes,1
2024-01,Student loan,Struggling to repay your loan,Web,Closed with explanation,Yes,7
2024-01,Vehicle loan or lease,Getting a loan or lease,Web,Closed with explanation,Yes,6
2024-01,Vehicle loan or lease,Improper use of your report,Web,Closed with explanation,Yes,1
2024-01,Vehicle loan or lease,Incorrect information on your report,Web,Closed with explanation,Yes,1
2024-01,Vehicle loan or lease,Managing the loan or lease,Web,Closed with explanation,Yes,6
2024-01,Vehicle loan or lease,Managing the loan or lease,Web,Closed with non-monetary relief,Yes,1
2024-01,Vehicle loan or lease,Problem with a company's investigation into an existing problem,Web,Closed with explanation,Yes,1
2024-01,Vehicle loan or lease,Problems at the end of the loan or lease,Web,Closed with explanation,Yes,5
2024-01,Vehicle loan or lease,Repossession,Web,Closed with explanation,Yes,5
2024-01,Vehicle loan or lease,Struggling to pay your loan,Web,Closed with explanation,Yes,1
2024-02,Checking or savings account,Closing an account,Web,Closed with explanation,Yes,17
2024-02,Checking or savings account,Closing an account,Web,Closed with monetary relief,Yes,3
2024-02,Checking or savings account,Closing an account,Web,Closed with non-monetary relief,Yes,1
2024-02,Checking or savings account,Managing an account,Web,Closed with explanation,Yes,54
2024-02,Checking or savings account,Managing an account,Web,Closed with monetary relief,Yes,9
2024-02,Checking or savings account,Managing an account,Web,Closed with non-monetary relief,Yes,15
2024-02,Checking or savings account,Opening an account,Web,Closed with explanation,Yes,17
2024-02,Checking or savings account,Opening an account,Web,Closed with monetary relief,Yes,2
2024-02,Checking or savings account,Opening an account,Web,Closed with non-monetary relief,Yes,2
2024-02,Checking or savings account,Problem caused by your funds being low,Web,Closed with explanation,Yes,7
2024-02,Checking or savings account,Problem caused by your funds being low,Web,Closed with monetary relief,Yes,1
2024-02,Checking or savings account,Problem with a lender or other company charging your account,Web,Closed with explanation,Yes,20
2024-02,Checking or savings account,Problem with a lender or other company charging your account,Web,Closed with monetary relief,Yes,6
2024-02,Credit card,"Advertising and marketing, including promotional offers",Web,Closed with explanation,Yes,4
2024-02,Credit card,"Advertising and marketing, including promotional offers",Web,Closed with monetary relief,Yes,2
2024-02,Credit card,"Advertising and marketing, including promotional offers",Web,Closed with non-monetary relief,Yes,2
2024-02,Credit card,Closing your account,Web,Closed with explanation,Yes,11
2024-02,Credit card,Closing your account,Web,Closed with monetary relief,Yes,1
2024-02,Credit card,Closing your account,Web,Closed with non-monetary relief,Yes,3
2024-02,Credit card,Credit monitoring or identity theft protection services,Web,Closed with explanation,Yes,2
2024-02,Credit card,Fees or interest,Web,Closed with explanation,Yes,20
2024-02,Credit card,Fees or interest,Web,Closed with monetary relief,Yes,5
2024-02,Credit card,Fees or interest,Web,Closed with non-monetary relief,Yes,1
2024-02,Credit card,Getting a credit card,Web,Closed with explanation,Yes,13
2024-02,Credit card,Getting a credit card,Web,Closed with non-monetary relief,Yes,8
2024-02,Credit card,Improper use of your report,Web,Closed with explanation,Yes,1
2024-02,Credit card,Improper use of your report,Web,Closed with non-monetary relief,Yes,1
2024-02,Credit card,Incorrect information on your report,Web,Closed with explanation,Yes,6
2024-02,Credit card,Incorrect information on your report,Web,Closed with non-monetary relief,Yes,8
2024-02,Credit card,"Other features, terms, or problems",Web,Closed with explanation,Yes,17
2024-02,Credit card,"Other features, terms, or problems",Web,Closed with monetary relief,Yes,4
2024-02,Credit card,"Other features, terms, or problems",Web,Closed with non-monetary relief,Yes,3
2024-02,Credit card,Problem when making payments,Web,Closed with explanation,Yes,7
2024-02,Credit card,Problem when making payments,Web,Closed with monetary relief,Yes,3
2024-02,Credit card,Problem with a company's investigation into an existing problem,Web,Closed with explanation,Yes,8
2024-02,Credit card,Problem with a company's investigation into an existing problem,Web,Closed with monetary relief,Yes,1
2024-02,Credit card,Problem with a company's investigation into an existing problem,Web,Closed with non-monetary relief,Yes,4
2024-02,Credit card,Problem with a purchase shown on your statement,Web,Closed with explanation,Yes,27
2024-02,Credit card,Problem with a purchase shown on your statement,Web,Closed with monetary relief,Yes,24
2024-02,Credit card,Problem with a purchase shown on your statement,Web,Closed with non-monetary relief,Yes,7
2024-02,Credit card,Trouble using your card,Web,Closed with explanation,Yes,7
2024-02,Credit card,Trouble using your card,Web,Closed with monetary relief,Yes,1
2024-02,Credit card,Trouble using your card,Web,Closed with non-monetary relief,Yes,2
2024-02,Credit reporting or other personal consumer reports,Credit monitoring or identity theft protection services,Web,Closed with non-monetary relief,Yes,2
2024-02,Credit reporting or other personal consumer reports,Identity theft protection or other monitoring services,Web,Closed with explanation,Yes,1
2024-02,Credit reporting or other personal consumer reports,Improper use of your report,Web,Closed with explanation,Yes,303
2024-02,Credit reporting or other personal consumer reports,Improper use of your report,Web,Closed with non-monetary relief,Yes,319
2024-02,Credit reporting or other personal consumer reports,Incorrect information on your report,Web,Closed with explanation,Yes,382
2024-02,Credit reporting or other personal consumer reports,Incorrect information on your report,Web,Closed with monetary relief,Yes,1
2024-02,Credit reporting or other personal consumer reports,Incorrect information on your report,Web,Closed with non-monetary relief,Yes,439
2024-02,Credit reporting or other personal consumer reports,Problem with a company's investigation into an existing issue,Web,Closed with explanation,Yes,1
2024-02,Credit reporting or other personal consumer reports,Problem with a company's investigation into an existing problem,Web,Closed with explanation,No,1
2024-02,Credit reporting or other personal consumer reports,Problem with a company's investigation into an existing problem,Web,Closed with explanation,Yes,139
2024-02,Credit reporting or other personal consumer reports,Problem with a company's investigation into an existing problem,Web,Closed with monetary relief,Yes,1
2024-02,Credit reporting or other personal consumer reports,Problem with a company's investigation into an existing problem,Web,Closed with non-monetary relief,Yes,216
2024-02,Credit reporting or other personal consumer reports,Problem with fraud alerts or security freezes,Web,Closed with explanation,Yes,11
2024-02,Credit reporting or other personal consumer reports,Problem with fraud alerts or security freezes,Web,Closed with non-monetary relief,Yes,4
2024-02,Credit reporting or other personal consumer reports,Unable to get your credit report or credit score,Web,Closed with explanation,Yes,6
2024-02,Credit reporting or other personal consumer reports,Unable to get your credit report or credit score,Web,Closed with non-monetary relief,Yes,2
2024-02,Debt collection,Attempts to collect debt not owed,Web,Closed with explanation,Yes,78
2024-02,Debt collection,Attempts to collect debt not owed,Web,Closed with monetary relief,Yes,1
2024-02,Debt collection,Attempts to collect debt not owed,Web,Closed with non-monetary relief,Yes,43
2024-02,Debt collection,Communication tactics,Web,Closed with explanation,Yes,7
2024-02,Debt collection,Communication tactics,Web,Closed with non-monetary relief,Yes,5
2024-02,Debt collection,Electronic communications,Web,Closed with explanation,Yes,3
2024-02,Debt collection,Electronic communications,Web,Closed with non-monetary relief,No,1
2024-02,Debt collection,Electronic communications,Web,Closed with non-monetary relief,Yes,1
2024-02,Debt collection,False statements or representation,Web,Closed with explanation,No,1
2024-02,Debt collection,False statements or representation,Web,Closed with explanation,Yes,10
2024-02,Debt collection,False statements or representation,Web,Closed with non-monetary relief,Yes,2
2024-02,Debt collection,Threatened to contact someone or share information improperly,Web,Closed with explanation,Yes,1
2024-02,Debt collection,Threatened to contact someone or share information improperly,Web,Closed with non-monetary relief,Yes,1
2024-02,Debt collection,Took or threatened to take negative or legal action,Web,Closed with explanation,No,1
2024-02,Debt collection,Took or threatened to take negative or legal action,Web,Closed with explanation,Yes,23
2024-02,Debt collection,Took or threatened to take negative or legal action,Web,Closed with non-monetary relief,Yes,3
2024-02,Debt collection,Written notification about debt,Web,Closed with explanation,No,1
2024-02,Debt collection,Written notification about debt,Web,Closed with explanation,Yes,59
2024-02,Debt collection,Written notification about debt,Web,Closed with non-monetary relief,Yes,63
2024-02,Debt or credit management,Confusing or misleading advertising or marketing,Web,Closed with explanation,Yes,1
2024-02,Debt or credit management,Confusing or misleading advertising or marketing,Web,Untimely response,No,1
2024-02,Debt or credit management,Didn't provide services promised,Web,Closed with explanation,Yes,2
2024-02,Debt or credit management,Didn't provide services promised,Web,Untimely response,No,1
2024-02,Debt or credit management,Problem with customer service,Web,Closed with explanation,Yes,2
2024-02,"Money transfer, virtual currency, or money service",Confusing or misleading advertising or marketing,Web,Closed with explanation,Yes,1
2024-02,"Money transfer, virtual currency, or money service",Fraud or scam,Web,Closed with explanation,Yes,27
2024-02,"Money transfer, virtual currency, or money service",Fraud or scam,Web,Closed with non-monetary relief,Yes,1
2024-02,"Money transfer, virtual currency, or money service",Lost or stolen money order,Web,Closed with explanation,Yes,1
2024-02,"Money transfer, virtual currency, or money service","Managing, opening, or closing your mobile wallet account",Web,Closed with explanation,Yes,1
2024-02,"Money transfer, virtual currency, or money service","Managing, opening, or closing your mobile wallet account",Web,Closed with non-monetary relief,Yes,2
2024-02,"Money transfer, virtual currency, or money service",Money was not available when promised,Web,Closed with explanation,Yes,3
2024-02,"Money transfer, virtual currency, or money service",Money was not available when promised,Web,Closed with monetary relief,No,1
2024-02,"Money transfer, virtual currency, or money service",Money was not available when promised,Web,Closed with monetary relief,Yes,1
2024-02,"Money transfer, virtual currency, or money service",Other service problem,Web,Closed with explanation,Yes,1
2024-02,"Money transfer, virtual currency, or money service",Other transaction problem,Web,Closed with explanation,Yes,6
2024-02,"Money transfer, virtual currency, or money service",Other transaction problem,Web,Closed with monetary relief,Yes,1
2024-02,"Money transfer, virtual currency, or money service",Trouble accessing funds in your mobile or digital wallet,Web,Closed with explanation,Yes,4
2024-02,"Money transfer, virtual currency, or money service",Unauthorized transactions or other transaction problem,Web,Closed with explanation,Yes,3
2024-02,"Money transfer, virtual currency, or money service",Unauthorized transactions or other transaction problem,Web,Closed with monetary relief,Yes,1
2024-02,"Money transfer, virtual currency, or money service",Unexpected or other fees,Web,Closed with monetary relief,Yes,1
2024-02,Mortgage,Applying for a mortgage or refinancing an existing mortgage,Web,Closed with explanation,Yes,7
2024-02,Mortgage,Closing on a mortgage,Web,Closed with explanation,Yes,2
2024-02,Mortgage,Incorrect information on your report,Web,Closed with explanation,Yes,2
2024-02,Mortgage,Struggling to pay mortgage,Web,Closed with explanation,Yes,14
2024-02,Mortgage,Trouble during payment process,Web,Closed with explanation,Yes,18
2024-02,"Payday loan, title loan, personal loan, or advance loan",Charged fees or interest you didn't expect,Web,Closed with monetary relief,Yes,1
2024-02,"Payday loan, title loan, personal loan, or advance loan",Getting a line of credit,Web,Closed with explanation,Yes,1
2024-02,"Payday loan, title loan, personal loan, or advance loan",Getting the loan,Web,Closed with monetary relief,Yes,1
2024-02,"Payday loan, title loan, personal loan, or advance loan",Problem with a company's investigation into an existing problem,Web,Closed with explanation,Yes,4
2024-02,"Payday loan, title loan, personal loan, or advance loan",Problem with the payoff process at the end of the loan,Web,Closed with explanation,Yes,1
2024-02,"Payday loan, title loan, personal loan, or advance loan",Struggling to pay your loan,Web,Closed with explanation,Yes,2
2024-02,Prepaid card,Problem getting a card or closing an account,Web,Closed with monetary relief,Yes,2
2024-02,Prepaid card,Problem with a purchase or transfer,Web,Closed with explanation,Yes,4
2024-02,Prepaid card,Problem with a purchase or transfer,Web,Closed with monetary relief,Yes,3
2024-02,Prepaid card,Trouble using the card,Web,Closed with explanation,No,1
2024-02,Prepaid card,Trouble using the card,Web,Closed with explanation,Yes,6
2024-02,Prepaid card,Trouble using the card,Web,Closed with monetary relief,Yes,8
2024-02,Prepaid card,Trouble using the card,Web,Closed with non-monetary relief,Yes,1
2024-02,Prepaid card,Unexpected or other fees,Web,Closed with explanation,Yes,1
2024-02,Prepaid card,Unexpected or other fees,Web,Closed with non-monetary relief,Yes,1
2024-02,Prepaid card,Unexpected or other fees,Web,Untimely response,No,1
2024-02,Student loan,Dealing with your lender or servicer,Web,Closed with explanation,No,2
2024-02,Student loan,Dealing with your lender or servicer,Web,Closed with explanation,Yes,26
2024-02,Student loan,Dealing with your lender or servicer,Web,Closed with monetary relief,Yes,1
2024-02,Student loan,Getting a loan,Web,Closed with explanation,Yes,1
2024-02,Student loan,Incorrect information on your report,Web,Closed with explanation,Yes,2
2024-02,Student loan,Struggling to repay your loan,Web,Closed with explanation,Yes,2
2024-02,Vehicle loan or lease,Improper use of your report,Web,Closed with explanation,Yes,1
2024-02,Vehicle loan or lease,Incorrect information on your report,Web,Closed with explanation,Yes,5
2024-02,Vehicle loan or lease,Managing the loan or lease,Web,Closed with explanation,Yes,9
2024-02,Vehicle loan or lease,Managing the loan or lease,Web,Closed with non-monetary relief,Yes,1
2024-02,Vehicle loan or lease,Problem with a company's investigation into an existing problem,Web,Closed with explanation,Yes,3
2024-02,Vehicle loan or lease,Problems at the end of the loan or lease,Web,Closed with explanation,Yes,4
2024-02,Vehicle loan or lease,Problems at the end of the loan or lease,Web,Closed with non-monetary relief,Yes,1
2024-02,Vehicle loan or lease,Repossession,Web,Closed with explanation,Yes,4
2024-02,Vehicle loan or lease,Struggling to pay your loan,Web,Closed with non-monetary relief,Yes,1
2024-02,Vehicle loan or lease,Unable to get your credit report or credit score,Web,Closed with explanation,Yes,1
2024-03,Checking or savings account,Closing an account,Web,Closed with explanation,Yes,32
2024-03,Checking or savings account,Closing an account,Web,Closed with monetary relief,Yes,4
2024-03,Checking or savings account,Closing an account,Web,Closed with non-monetary relief,Yes,4
2024-03,Checking or savings account,Credit monitoring or identity theft protection services,Web,Closed with explanation,Yes,1
2024-03,Checking or savings account,Managing an account,Web,Closed with explanation,Yes,78
2024-03,Checking or savings account,Managing an account,Web,Closed with monetary relief,Yes,14
2024-03,Checking or savings account,Managing an account,Web,Closed with non-monetary relief,Yes,11
2024-03,Checking or savings account,Opening an account,Web,Closed with explanation,Yes,14
2024-03,Checking or savings account,Opening an account,Web,Closed with monetary relief,Yes,3
2024-03,Checking or savings account,Opening an account,Web,Closed with non-monetary relief,Yes,1
2024-03,Checking or savings account,Problem caused by your funds being low,Web,Closed with explanation,Yes,8
2024-03,Checking or savings account,Problem caused by your funds being low,Web,Closed with monetary relief,Yes,2
2024-03,Checking or savings account,Problem with a company's investigation into an existing problem,Web,Closed with monetary relief,Yes,1
2024-03,Checking or savings account,Problem with a lender or other company charging your account,Web,Closed with explanation,Yes,16
2024-03,Checking or savings account,Problem with a lender or other company charging your account,Web,Closed with monetary relief,Yes,4
2024-03,Credit card,"Advertising and marketing, including promotional offers",Web,Closed with explanation,Yes,14
2024-03,Credit card,"Advertising and marketing, including promotional offers",Web,Closed with monetary relief,Yes,4
2024-03,Credit card,"Advertising and marketing, including promotional offers",Web,Closed with non-monetary relief,Yes,2
2024-03,Credit card,Closing your account,Web,Closed with explanation,Yes,13
2024-03,Credit card,Closing your account,Web,Closed with monetary relief,Yes,1
2024-03,Credit card,Closing your account,Web,Closed with non-monetary relief,Yes,1
2024-03,Credit card,Credit monitoring or identity theft protection services,Web,Closed with explanation,Yes,1
2024-03,Credit card,Credit monitoring or identity theft protection services,Web,Closed with non-monetary relief,Yes,1
2024-03,Credit card,Fees or interest,Web,Closed with explanation,Yes,11
2024-03,Credit card,Fees or interest,Web,Closed with monetary relief,Yes,12
2024-03,Credit card,Fees or interest,Web,Closed with non-monetary relief,Yes,1
2024-03,Credit card,Getting a credit card,Web,Closed with explanation,Yes,17
2024-03,Credit card,Getting a credit card,Web,Closed with non-monetary relief,Yes,6
2024-03,Credit card,Improper use of your report,Web,Closed with explanation,Yes,3
2024-03,Credit card,Improper use of your report,Web,Closed with non-monetary relief,Yes,1
2024-03,Credit card,Incorrect information on your report,Web,Closed with explanation,Yes,9
2024-03,Credit card,Incorrect information on your report,Web,Closed with non-monetary relief,Yes,8
2024-03,Credit card,"Other features, terms, or problems",Web,Closed with explanation,Yes,19
2024-03,Credit card,"Other features, terms, or problems",Web,Closed with monetary relief,Yes,5
2024-03,Credit card,"Other features, terms, or problems",Web,Closed with non-monetary relief,Yes,7
2024-03,Credit card,Problem when making payments,Web,Closed with explanation,Yes,12
2024-03,Credit card,Problem when making payments,Web,Closed with monetary relief,Yes,3
2024-03,Credit card,Problem with a company's investigation into an existing problem,Web,Closed with explanation,Yes,4
2024-03,Credit card,Problem with a company's investigation into an existing problem,Web,Closed with non-monetary relief,Yes,4
2024-03,Credit card,Problem with a purchase shown on your statement,Web,Closed with explanation,Yes,21
2024-03,Credit card,Problem with a purchase shown on your statement,Web,Closed with monetary relief,Yes,22
2024-03,Credit card,Problem with a purchase shown on your statement,Web,Closed with non-monetary relief,Yes,3
2024-03,Credit card,Problem with fraud alerts or security freezes,Web,Closed with explanation,Yes,1
2024-03,Credit card,Struggling to pay your bill,Web,Closed with explanation,Yes,2
2024-03,Credit card,Struggling to pay your bill,Web,Closed with non-monetary relief,Yes,2
2024-03,Credit card,Trouble using your card,Web,Closed with explanation,Yes,3
2024-03,Credit card,Trouble using your card,Web,Closed with monetary relief,Yes,1
2024-03,Credit card,Trouble using your card,Web,Closed with non-monetary relief,Yes,2
2024-03,Credit reporting or other personal consumer reports,Credit monitoring or identity theft protection services,Web,Closed with explanation,Yes,1
2024-03,Credit reporting or other personal consumer reports,Credit monitoring or identity theft protection services,Web,Closed with non-monetary relief,Yes,4
2024-03,Credit reporting or other personal consumer reports,Improper use of your report,Web,Closed with explanation,Yes,342
2024-03,Credit reporting or other personal consumer reports,Improper use of your report,Web,Closed with monetary relief,Yes,1
2024-03,Credit reporting or other personal consumer reports,Improper use of your report,Web,Closed with non-monetary relief,Yes,351
2024-03,Credit reporting or other personal consumer reports,Incorrect information on your report,Web,Closed with explanation,No,3
2024-03,Credit reporting or other personal consumer reports,Incorrect information on your report,Web,Closed with explanation,Yes,541
2024-03,Credit reporting or other personal consumer reports,Incorrect information on your report,Web,Closed with monetary relief,Yes,2
2024-03,Credit reporting or other personal consumer reports,Incorrect information on your report,Web,Closed with non-monetary relief,Yes,741
2024-03,Credit reporting or other personal consumer reports,Incorrect information on your report,Web,Untimely response,No,1
2024-03,Credit reporting or other personal consumer reports,Problem with a company's investigation into an existing issue,Web,Closed with explanation,Yes,1
2024-03,Credit reporting or other personal consumer reports,Problem with a company's investigation into an existing problem,Web,Closed with explanation,No,1
2024-03,Credit reporting or other personal consumer reports,Problem with a company's investigation into an existing problem,Web,Closed with explanation,Yes,190
2024-03,Credit reporting or other personal consumer reports,Problem with a company's investigation into an existing problem,Web,Closed with non-monetary relief,Yes,316
2024-03,Credit reporting or other personal consumer reports,Problem with fraud alerts or security freezes,Web,Closed with explanation,Yes,4
2024-03,Credit reporting or other personal consumer reports,Unable to get your credit report or credit score,Web,Closed with explanation,Yes,5
2024-03,Credit reporting or other personal consumer reports,Unable to get your credit report or credit score,Web,Closed with non-monetary relief,Yes,5
2024-03,Debt collection,Attempts to collect debt not owed,Web,Closed with explanation,Yes,165
2024-03,Debt collection,Attempts to collect debt not owed,Web,Closed with non-monetary relief,Yes,104
2024-03,Debt collection,Communication tactics,Web,Closed with explanation,Yes,9
2024-03,Debt collection,Communication tactics,Web,Closed with monetary relief,Yes,1
2024-03,Debt collection,Communication tactics,Web,Closed with non-monetary relief,Yes,7
2024-03,Debt collection,Electronic communications,Web,Closed with explanation,Yes,2
2024-03,Debt collection,False statements or representation,Web,Closed with explanation,Yes,11
2024-03,Debt collection,False statements or representation,Web,Closed with non-monetary relief,Yes,2
2024-03,Debt collection,Threatened to contact someone or share information improperly,Web,Closed with explanation,Yes,1
2024-03,Debt collection,Threatened to contact someone or share information improperly,Web,Closed with non-monetary relief,Yes,1
2024-03,Debt collection,Took or threatened to take negative or legal action,Web,Closed with explanation,No,1
2024-03,Debt collection,Took or threatened to take negative or legal action,Web,Closed with explanation,Yes,15
2024-03,Debt collection,Took or threatened to take negative or legal action,Web,Closed with non-monetary relief,Yes,7
2024-03,Debt collection,Written notification about debt,Web,Closed with explanation,Yes,72
2024-03,Debt collection,Written notification about debt,Web,Closed with non-monetary relief,Yes,60
2024-03,Debt or credit management,Charged upfront or unexpected fees,Web,Closed with explanation,Yes,1
2024-03,Debt or credit management,Charged upfront or unexpected fees,Web,Closed with monetary relief,Yes,1
2024-03,Debt or credit management,Confusing or misleading advertising or marketing,Web,Closed with explanation,Yes,1
2024-03,Debt or credit management,Confusing or misleading advertising or marketing,Web,Closed with monetary relief,Yes,1
2024-03,Debt or credit management,Didn't provide services promised,Web,Closed with explanation,Yes,3
2024-03,Debt or credit management,Didn't provide services promised,Web,Untimely response,No,1
2024-03,Debt or credit management,Problem with customer service,Web,Closed with explanation,Yes,1
2024-03,Debt or credit management,Unauthorized withdrawals or charges,Web,Closed with non-monetary relief,Yes,1
2024-03,"Money transfer, virtual currency, or money service",Confusing or missing disclosures,Web,Closed with explanation,Yes,2
2024-03,"Money transfer, virtual currency, or money service",Confusing or missing disclosures,Web,Closed with non-monetary relief,Yes,1
2024-03,"Money transfer, virtual currency, or money service",Fraud or scam,Web,Closed with explanation,Yes,18
2024-03,"Money transfer, virtual currency, or money service",Fraud or scam,Web,Closed with monetary relief,Yes,1
2024-03,"Money transfer, virtual currency, or money service",Fraud or scam,Web,Closed with non-monetary relief,Yes,1
2024-03,"Money transfer, virtual currency, or money service",Lost or stolen money order,Web,Closed with explanation,Yes,1
2024-03,"Money transfer, virtual currency, or money service","Managing, opening, or closing your mobile wallet account",Web,Closed with explanation,Yes,1
2024-03,"Money transfer, virtual currency, or money service",Money was not available when promised,Web,Closed with explanation,Yes,3
2024-03,"Money transfer, virtual currency, or money service",Money was not available when promised,Web,Closed with monetary relief,Yes,2
2024-03,"Money transfer, virtual currency, or money service",Other service problem,Web,Closed with explanation,Yes,1
2024-03,"Money transfer, virtual currency, or money service",Other transaction problem,Web,Closed with explanation,Yes,5
2024-03,"Money transfer, virtual currency, or money service",Other transaction problem,Web,Closed with monetary relief,Yes,1
2024-03,"Money transfer, virtual currency, or money service",Other transaction problem,Web,Closed with non-monetary relief,Yes,1
2024-03,"Money transfer, virtual currency, or money service",Problem with customer service,Web,Closed with explanation,Yes,4
2024-03,"Money transfer, virtual currency, or money service",Problem with customer service,Web,Closed with monetary relief,Yes,1
2024-03,"Money transfer, virtual currency, or money service",Trouble accessing funds in your mobile or digital wallet,Web,Closed with explanation,No,1
2024-03,"Money transfer, virtual currency, or money service",Trouble accessing funds in your mobile or digital wallet,Web,Closed with explanation,Yes,3
2024-03,"Money transfer, virtual currency, or money service",Unauthorized transactions or other transaction problem,Web,Closed with explanation,Yes,7
2024-03,"Money transfer, virtual currency, or money service",Unauthorized transactions or other transaction problem,Web,Closed with monetary relief,Yes,1
2024-03,"Money transfer, virtual currency, or money service",Unexpected or other fees,Web,Closed with explanation,Yes,2
2024-03,"Money transfer, virtual currency, or money service",Unexpected or other fees,Web,Closed with monetary relief,Yes,1
2024-03,Mortgage,Applying for a mortgage or refinancing an existing mortgage,Web,Closed with explanation,Yes,4
2024-03,Mortgage,Applying for a mortgage or refinancing an existing mortgage,Web,Closed with monetary relief,Yes,1
2024-03,Mortgage,Incorrect information on your report,Web,Closed with explanation,Yes,4
2024-03,Mortgage,Problem with a company's investigation into an existing problem,Web,Closed with explanation,Yes,3
2024-03,Mortgage,Struggling to pay mortgage,Web,Closed with explanation,Yes,10
2024-03,Mortgage,Trouble during payment process,Web,Closed with explanation,Yes,27
2024-03,Mortgage,Trouble during payment process,Web,Closed with monetary relief,Yes,1
2024-03,"Payday loan, title loan, personal loan, or advance loan",Charged fees or interest you didn't expect,Web,Closed with explanation,Yes,3
2024-03,"Payday loan, title loan, personal loan, or advance loan",Charged fees or interest you didn't expect,Web,Closed with monetary relief,Yes,1
2024-03,"Payday loan, title loan, personal loan, or advance loan",Getting a line of credit,Web,Closed with explanation,Yes,1
2024-03,"Payday loan, title loan, personal loan, or advance loan",Getting the loan,Web,Closed with explanation,No,1
2024-03,"Payday loan, title loan, personal loan, or advance loan",Getting the loan,Web,Closed with explanation,Yes,1
2024-03,"Payday loan, title loan, personal loan, or advance loan",Incorrect information on your report,Web,Closed with explanation,No,1
2024-03,"Payday loan, title loan, personal loan, or advance loan",Incorrect information on your report,Web,Closed with explanation,Yes,1
2024-03,"Payday loan, title loan, personal loan, or advance loan",Problem when making payments,Web,Closed with explanation,Yes,2
2024-03,"Payday loan, title loan, personal loan, or advance loan",Problem with additional add-on products or services,Web,Closed with explanation,Yes,4
2024-03,"Payday loan, title loan, personal loan, or advance loan",Problem with the payoff process at the end of the loan,Web,Closed with explanation,Yes,1
2024-03,"Payday loan, title loan, personal loan, or advance loan",Problem with the payoff process at the end of the loan,Web,Closed with non-monetary relief,Yes,1
2024-03,"Payday loan, title loan, personal loan, or advance loan",Received a loan you didn't apply for,Web,Closed with explanation,Yes,1
2024-03,"Payday loan, title loan, personal loan, or advance loan",Struggling to pay your loan,Web,Closed with monetary relief,Yes,1
2024-03,Prepaid card,Problem with a purchase or transfer,Web,Closed with explanation,Yes,1
2024-03,Prepaid card,Problem with a purchase or transfer,Web,Closed with monetary relief,Yes,1
2024-03,Prepaid card,Trouble using the card,Web,Closed with explanation,No,2
2024-03,Prepaid card,Trouble using the card,Web,Closed with explanation,Yes,7
2024-03,Prepaid card,Trouble using the card,Web,Closed with monetary relief,Yes,10
2024-03,Prepaid card,Trouble using the card,Web,Closed with non-monetary relief,Yes,1
2024-03,Prepaid card,Unexpected or other fees,Web,Closed with explanation,Yes,1
2024-03,Student loan,Dealing with your lender or servicer,Web,Closed with explanation,No,3
2024-03,Student loan,Dealing with your lender or servicer,Web,Closed with explanation,Yes,32
2024-03,Student loan,Dealing with your lender or servicer,Web,Closed with non-monetary relief,Yes,3
2024-03,Student loan,Incorrect information on your report,Web,Closed with explanation,Yes,1
2024-03,Student loan,Struggling to repay your loan,Web,Closed with explanation,Yes,5
2024-03,Vehicle loan or lease,Getting a loan or lease,Web,Closed with explanation,Yes,3
2024-03,Vehicle loan or lease,Incorrect information on your report,Web,Closed with explanation,Yes,5
2024-03,Vehicle loan or lease,Managing the loan or lease,Web,Closed with explanation,Yes,11
2024-03,Vehicle loan or lease,Managing the loan or lease,Web,Closed with monetary relief,Yes,2
2024-03,Vehicle loan or lease,Problem with a company's investigation into an existing problem,Web,Closed with monetary relief,Yes,1
2024-03,Vehicle loan or lease,Problems at the end of the loan or lease,Web,Closed with explanation,Yes,4
2024-03,Vehicle loan or lease,Problems at the end of the loan or lease,Web,Closed with non-monetary relief,Yes,1
2024-03,Vehicle loan or lease,Repossession,Web,Closed with explanation,Yes,13
2024-03,Vehicle loan or lease,Struggling to pay your loan,Web,Closed with explanation,Yes,2
2024-04,Checking or savings account,Closing an account,Web,Closed with explanation,Yes,28
2024-04,Checking or savings account,Closing an account,Web,Closed with monetary relief,Yes,4
2024-04,Checking or savings account,Closing an account,Web,Closed with non-monetary relief,Yes,1
2024-04,Checking or savings account,Closing an account,Web,Untimely response,No,1
2024-04,Checking or savings account,Managing an account,Web,Closed with explanation,Yes,76
2024-04,Checking or savings account,Managing an account,Web,Closed with monetary relief,Yes,15
2024-04,Checking or savings account,Managing an account,Web,Closed with non-monetary relief,Yes,5
2024-04,Checking or savings account,Opening an account,Web,Closed with explanation,Yes,9
2024-04,Checking or savings account,Opening an account,Web,Closed with monetary relief,Yes,1
2024-04,Checking or savings account,Problem caused by your funds being low,Web,Closed with explanation,Yes,8
2024-04,Checking or savings account,Problem caused by your funds being low,Web,Closed with monetary relief,No,1
2024-04,Checking or savings account,Problem caused by your funds being low,Web,Closed with monetary relief,Yes,2
2024-04,Checking or savings account,Problem with a lender or other company charging your account,Web,Closed with explanation,Yes,21
2024-04,Checking or savings account,Problem with a lender or other company charging your account,Web,Closed with monetary relief,Yes,7
2024-04,Checking or savings account,Problem with a lender or other company charging your account,Web,Closed with non-monetary relief,Yes,1
2024-04,Credit card,"Advertising and marketing, including promotional offers",Web,Closed with explanation,Yes,13
2024-04,Credit card,"Advertising and marketing, including promotional offers",Web,Closed with monetary relief,Yes,2
2024-04,Credit card,"Advertising and marketing, including promotional offers",Web,Closed with non-monetary relief,Yes,5
2024-04,Credit card,Closing your account,Web,Closed with explanation,Yes,8
2024-04,Credit card,Closing your account,Web,Closed with monetary relief,Yes,1
2024-04,Credit card,Closing your account,Web,Closed with non-monetary relief,Yes,4
2024-04,Credit card,Credit monitoring or identity theft protection services,Web,Closed with non-monetary relief,Yes,1
2024-04,Credit card,Fees or interest,Web,Closed with explanation,Yes,12
2024-04,Credit card,Fees or interest,Web,Closed with monetary relief,Yes,10
2024-04,Credit card,Getting a credit card,Web,Closed with explanation,Yes,26
2024-04,Credit card,Getting a credit card,Web,Closed with non-monetary relief,Yes,9
2024-04,Credit card,Improper use of your report,Web,Closed with explanation,Yes,2
2024-04,Credit card,Incorrect information on your report,Web,Closed with explanation,Yes,6
2024-04,Credit card,Incorrect information on your report,Web,Closed with non-monetary relief,Yes,13
2024-04,Credit card,"Other features, terms, or problems",Web,Closed with explanation,Yes,25
2024-04,Credit card,"Other features, terms, or problems",Web,Closed with monetary relief,Yes,2
2024-04,Credit card,"Other features, terms, or problems",Web,Closed with non-monetary relief,Yes,12
2024-04,Credit card,Problem when making payments,Web,Closed with explanation,Yes,4
2024-04,Credit card,Problem when making payments,Web,Closed with monetary relief,Yes,2
2024-04,Credit card,Problem with a company's investigation into an existing problem,Web,Closed with explanation,Yes,14
2024-04,Credit card,Problem with a company's investigation into an existing problem,Web,Closed with non-monetary relief,Yes,8
2024-04,Credit card,Problem with a purchase shown on your statement,Web,Closed with explanation,Yes,40
2024-04,Credit card,Problem with a purchase shown on your statement,Web,Closed with monetary relief,Yes,22
2024-04,Credit card,Problem with a purchase shown on your statement,Web,Closed with non-monetary relief,Yes,8
2024-04,Credit card,Struggling to pay your bill,Web,Closed with explanation,Yes,2
2024-04,Credit card,Struggling to pay your bill,Web,Closed with non-monetary relief,Yes,1
2024-04,Credit card,Trouble using your card,Web,Closed with explanation,Yes,11
2024-04,Credit reporting or other personal consumer reports,Credit monitoring or identity theft protection services,Web,Closed with explanation,Yes,4
2024-04,Credit reporting or other personal consumer reports,Credit monitoring or identity theft protection services,Web,Closed with non-monetary relief,Yes,7
2024-04,Credit reporting or other personal consumer reports,Identity theft protection or other monitoring services,Web,Closed with explanation,Yes,1
2024-04,Credit reporting or other personal consumer reports,Improper use of your report,Web,Closed with explanation,No,2
2024-04,Credit reporting or other personal consumer reports,Improper use of your report,Web,Closed with explanation,Yes,356
2024-04,Credit reporting or other personal consumer reports,Improper use of your report,Web,Closed with non-monetary relief,Yes,454
2024-04,Credit reporting or other personal consumer reports,Incorrect information on your report,Web,Closed with explanation,Yes,690
2024-04,Credit reporting or other personal consumer reports,Incorrect information on your report,Web,Closed with non-monetary relief,Yes,1082
2024-04,Credit reporting or other personal consumer reports,Problem with a company's investigation into an existing issue,Web,Closed with explanation,Yes,1
2024-04,Credit reporting or other personal consumer reports,Problem with a company's investigation into an existing problem,Web,Closed with explanation,Yes,240
2024-04,Credit reporting or other personal consumer reports,Problem with a company's investigation into an existing problem,Web,Closed with monetary relief,Yes,3
2024-04,Credit reporting or other personal consumer reports,Problem with a company's investigation into an existing problem,Web,Closed with non-monetary relief,Yes,396
2024-04,Credit reporting or other personal consumer reports,Problem with fraud alerts or security freezes,Web,Closed with explanation,Yes,4
2024-04,Credit reporting or other personal consumer reports,Problem with fraud alerts or security freezes,Web,Closed with non-monetary relief,Yes,3
2024-04,Credit reporting or other personal consumer reports,Unable to get your credit report or credit score,Web,Closed with explanation,No,1
2024-04,Credit reporting or other personal consumer reports,Unable to get your credit report or credit score,Web,Closed with explanation,Yes,12
2024-04,Credit reporting or other personal consumer reports,Unable to get your credit report or credit score,Web,Closed with non-monetary relief,Yes,2
2024-04,Debt collection,Attempts to collect debt not owed,Web,Closed with explanation,Yes,161
2024-04,Debt collection,Attempts to collect debt not owed,Web,Closed with monetary relief,Yes,3
2024-04,Debt collection,Attempts to collect debt not owed,Web,Closed with non-monetary relief,No,2
2024-04,Debt collection,Attempts to collect debt not owed,Web,Closed with non-monetary relief,Yes,130
2024-04,Debt collection,Attempts to collect debt not owed,Web,Untimely response,No,1
2024-04,Debt collection,Communication tactics,Web,Closed with explanation,No,1
2024-04,Debt collection,Communication tactics,Web,Closed with explanation,Yes,13
2024-04,Debt collection,Communication tactics,Web,Closed with non-monetary relief,Yes,7
2024-04,Debt collection,Electronic communications,Web,Closed with explanation,Yes,1
2024-04,Debt collection,False statements or representation,Web,Closed with explanation,Yes,14
2024-04,Debt collection,False statements or representation,Web,Closed with non-monetary relief,Yes,2
2024-04,Debt collection,Threatened to contact someone or share information improperly,Web,Closed with explanation,Yes,5
2024-04,Debt collection,Threatened to contact someone or share information improperly,Web,Closed with non-monetary relief,Yes,2
2024-04,Debt collection,Took or threatened to take negative or legal action,Web,Closed with explanation,Yes,14
2024-04,Debt collection,Took or threatened to take negative or legal action,Web,Closed with non-monetary relief,Yes,3
2024-04,Debt collection,Written notification about debt,Web,Closed with explanation,No,1
2024-04,Debt collection,Written notification about debt,Web,Closed with explanation,Yes,53
2024-04,Debt collection,Written notification about debt,Web,Closed with non-monetary relief,Yes,35
2024-04,Debt or credit management,Charged upfront or unexpected fees,Web,Closed with explanation,Yes,1
2024-04,Debt or credit management,Confusing or missing disclosures,Web,Closed with monetary relief,Yes,1
2024-04,Debt or credit management,Didn't provide services promised,Web,Closed with explanation,No,2
2024-04,Debt or credit management,Didn't provide services promised,Web,Closed with explanation,Yes,1
2024-04,Debt or credit management,Problem with customer service,Web,Closed with explanation,Yes,3
2024-04,Debt or credit management,Unauthorized withdrawals or charges,Web,Closed with non-monetary relief,Yes,1
2024-04,"Money transfer, virtual currency, or money service",Fraud or scam,Web,Closed with explanation,Yes,12
2024-04,"Money transfer, virtual currency, or money service",Fraud or scam,Web,Closed with monetary relief,Yes,1
2024-04,"Money transfer, virtual currency, or money service",Lost or stolen money order,Web,Closed with explanation,Yes,1
2024-04,"Money transfer, virtual currency, or money service","Managing, opening, or closing your mobile wallet account",Web,Closed with explanation,Yes,2
2024-04,"Money transfer, virtual currency, or money service",Money was not available when promised,Web,Closed with explanation,Yes,3
2024-04,"Money transfer, virtual currency, or money service",Money was not available when promised,Web,Closed with monetary relief,Yes,1
2024-04,"Money transfer, virtual currency, or money service",Other service problem,Web,Closed with explanation,Yes,2
2024-04,"Money transfer, virtual currency, or money service",Other service problem,Web,Closed with monetary relief,Yes,1
2024-04,"Money transfer, virtual currency, or money service",Other transaction problem,Web,Closed with explanation,Yes,10
2024-04,"Money transfer, virtual currency, or money service",Trouble accessing funds in your mobile or digital wallet,Web,Closed with explanation,No,1
2024-04,"Money transfer, virtual currency, or money service",Trouble accessing funds in your mobile or digital wallet,Web,Closed with explanation,Yes,2
2024-04,"Money transfer, virtual currency, or money service",Unauthorized transactions or other transaction problem,Web,Closed with explanation,Yes,1
2024-04,Mortgage,Applying for a mortgage or refinancing an existing mortgage,Web,Closed with explanation,No,1
2024-04,Mortgage,Applying for a mortgage or refinancing an existing mortgage,Web,Closed with explanation,Yes,7
2024-04,Mortgage,Closing on a mortgage,Web,Closed with explanation,Yes,3
2024-04,Mortgage,Struggling to pay mortgage,Web,Closed with explanation,Yes,12
2024-04,Mortgage,Trouble during payment process,Web,Closed with explanation,Yes,17
2024-04,Mortgage,Trouble during payment process,Web,Closed with monetary relief,Yes,1
2024-04,Mortgage,Trouble during payment process,Web,Closed with non-monetary relief,Yes,1
2024-04,"Payday loan, title loan, personal loan, or advance loan",Charged fees or interest you didn't expect,Web,Closed with explanation,Yes,4
2024-04,"Payday loan, title loan, personal loan, or advance loan",Getting a line of credit,Web,Closed with explanation,Yes,2
2024-04,"Payday loan, title loan, personal loan, or advance loan",Incorrect information on your report,Web,Closed with explanation,Yes,2
2024-04,"Payday loan, title loan, personal loan, or advance loan",Problem when making payments,Web,Closed with monetary relief,Yes,1
2024-04,"Payday loan, title loan, personal loan, or advance loan",Struggling to pay your loan,Web,Closed with explanation,Yes,1
2024-04,Prepaid card,Problem getting a card or closing an account,Web,Closed with explanation,Yes,1
2024-04,Prepaid card,Problem with a purchase or transfer,Web,Closed with explanation,Yes,4
2024-04,Prepaid card,Problem with a purchase or transfer,Web,Closed with monetary relief,Yes,1
2024-04,Prepaid card,Trouble using the card,Web,Closed with explanation,Yes,9
2024-04,Prepaid card,Trouble using the card,Web,Closed with monetary relief,Yes,6
2024-04,Prepaid card,Unexpected or other fees,Web,Closed with explanation,Yes,2
2024-04,Student loan,Dealing with your lender or servicer,Web,Closed with explanation,No,3
2024-04,Student loan,Dealing with your lender or servicer,Web,Closed with explanation,Yes,30
2024-04,Student loan,Dealing with your lender or servicer,Web,Closed with non-monetary relief,Yes,1
2024-04,Student loan,Getting a loan,Web,Closed with explanation,Yes,2
2024-04,Student loan,Improper use of your report,Web,Closed with explanation,Yes,1
2024-04,Student loan,Incorrect information on your report,Web,Closed with explanation,Yes,2
2024-04,Student loan,Problem with a company's investigation into an existing problem,Web,Closed with explanation,Yes,1
2024-04,Student loan,Struggling to repay your loan,Web,Closed with explanation,Yes,6
2024-04,Vehicle loan or lease,Getting a loan or lease,Web,Closed with explanation,Yes,2
2024-04,Vehicle loan or lease,Getting a loan or lease,Web,Closed with non-monetary relief,Yes,1
2024-04,Vehicle loan or lease,Improper use of your report,Web,Closed with explanation,Yes,1
2024-04,Vehicle loan or lease,Incorrect information on your report,Web,Closed with explanation,Yes,1
2024-04,Vehicle loan or lease,Managing the loan or lease,Web,Closed with explanation,Yes,6
2024-04,Vehicle loan or lease,Managing the loan or lease,Web,Closed with monetary relief,Yes,2
2024-04,Vehicle loan or lease,Problem with a company's investigation into an existing problem,Web,Closed with explanation,Yes,1
2024-04,Vehicle loan or lease,Problems at the end of the loan or lease,Web,Closed with explanation,No,1
2024-04,Vehicle loan or lease,Problems at the end of the loan or lease,Web,Closed with explanation,Yes,5
2024-04,Vehicle loan or lease,Repossession,Web,Closed with explanation,Yes,7
2024-04,Vehicle loan or lease,Repossession,Web,Closed with non-monetary relief,Yes,1
2024-04,Vehicle loan or lease,Struggling to pay your loan,Web,Closed with explanation,Yes,1
2024-05,Checking or savings account,Closing an account,Web,Closed with explanation,Yes,31
2024-05,Checking or savings account,Closing an account,Web,Closed with monetary relief,Yes,4
2024-05,Checking or savings account,Closing an account,Web,Closed with non-monetary relief,Yes,5
2024-05,Checking or savings account,Managing an account,Web,Closed with explanation,No,1
2024-05,Checking or savings account,Managing an account,Web,Closed with explanation,Yes,83
2024-05,Checking or savings account,Managing an account,Web,Closed with monetary relief,Yes,15
2024-05,Checking or savings account,Managing an account,Web,Closed with non-monetary relief,Yes,9
2024-05,Checking or savings account,Opening an account,Web,Closed with explanation,Yes,5
2024-05,Checking or savings account,Opening an account,Web,Closed with monetary relief,Yes,1
2024-05,Checking or savings account,Opening an account,Web,Closed with non-monetary relief,Yes,1
2024-05,Checking or savings account,Problem caused by your funds being low,Web,Closed with explanation,Yes,8
2024-05,Checking or savings account,Problem caused by your funds being low,Web,Closed with monetary relief,Yes,1
2024-05,Checking or savings account,Problem with a lender or other company charging your account,Web,Closed with explanation,Yes,19
2024-05,Checking or savings account,Problem with a lender or other company charging your account,Web,Closed with monetary relief,Yes,4
2024-05,Credit card,"Advertising and marketing, including promotional offers",Web,Closed with explanation,Yes,6
2024-05,Credit card,"Advertising and marketing, including promotional offers",Web,Closed with monetary relief,Yes,4
2024-05,Credit card,"Advertising and marketing, including promotional offers",Web,Closed with non-monetary relief,Yes,2
2024-05,Credit card,Closing your account,Web,Closed with explanation,Yes,8
2024-05,Credit card,Closing your account,Web,Closed with monetary relief,Yes,2
2024-05,Credit card,Closing your account,Web,Closed with non-monetary relief,Yes,4
2024-05,Credit card,Fees or interest,Web,Closed with explanation,Yes,9
2024-05,Credit card,Fees or interest,Web,Closed with monetary relief,Yes,7
2024-05,Credit card,Fees or interest,Web,Closed with non-monetary relief,Yes,1
2024-05,Credit card,Getting a credit card,Web,Closed with explanation,Yes,19
2024-05,Credit card,Getting a credit card,Web,Closed with monetary relief,Yes,1
2024-05,Credit card,Getting a credit card,Web,Closed with non-monetary relief,Yes,5
2024-05,Credit card,Improper use of your report,Web,Closed with explanation,Yes,1
2024-05,Credit card,Incorrect information on your report,Web,Closed with explanation,Yes,16
2024-05,Credit card,Incorrect information on your report,Web,Closed with non-monetary relief,Yes,15
2024-05,Credit card,"Other features, terms, or problems",Web,Closed with explanation,Yes,18
2024-05,Credit card,"Other features, terms, or problems",Web,Closed with monetary relief,Yes,3
2024-05,Credit card,"Other features, terms, or problems",Web,Closed with non-monetary relief,Yes,3
2024-05,Credit card,Problem when making payments,Web,Closed with explanation,Yes,11
2024-05,Credit card,Problem when making payments,Web,Closed with monetary relief,Yes,2
2024-05,Credit card,Problem with a company's investigation into an existing problem,Web,Closed with explanation,Yes,10
2024-05,Credit card,Problem with a company's investigation into an existing problem,Web,Closed with non-monetary relief,Yes,14
2024-05,Credit card,Problem with a purchase shown on your statement,Web,Closed with explanation,Yes,40
2024-05,Credit card,Problem with a purchase shown on your statement,Web,Closed with monetary relief,Yes,19
2024-05,Credit card,Problem with a purchase shown on your statement,Web,Closed with non-monetary relief,Yes,4
2024-05,Credit card,Struggling to pay your bill,Web,Closed with explanation,Yes,3
2024-05,Credit card,Trouble using your card,Web,Closed with explanation,Yes,3
2024-05,Credit card,Trouble using your card,Web,Closed with non-monetary relief,Yes,1
2024-05,Credit reporting or other personal consumer reports,Credit monitoring or identity theft protection services,Web,Closed with explanation,Yes,8
2024-05,Credit reporting or other personal consumer reports,Credit monitoring or identity theft protection services,Web,Closed with monetary relief,Yes,1
2024-05,Credit reporting or other personal consumer reports,Credit monitoring or identity theft protection services,Web,Closed with non-monetary relief,Yes,4
2024-05,Credit reporting or other personal consumer reports,Identity theft protection or other monitoring services,Web,Closed with explanation,Yes,1
2024-05,Credit reporting or other personal consumer reports,Improper use of your report,Web,Closed with explanation,No,2
2024-05,Credit reporting or other personal consumer reports,Improper use of your report,Web,Closed with explanation,Yes,421
2024-05,Credit reporting or other personal consumer reports,Improper use of your report,Web,Closed with monetary relief,Yes,1
2024-05,Credit reporting or other personal consumer reports,Improper use of your report,Web,Closed with non-monetary relief,Yes,455
2024-05,Credit reporting or other personal consumer reports,Incorrect information on your report,Web,Closed with explanation,No,2
2024-05,Credit reporting or other personal consumer reports,Incorrect information on your report,Web,Closed with explanation,Yes,884
2024-05,Credit reporting or other personal consumer reports,Incorrect information on your report,Web,Closed with monetary relief,Yes,1
2024-05,Credit reporting or other personal consumer reports,Incorrect information on your report,Web,Closed with non-monetary relief,Yes,1167
2024-05,Credit reporting or other personal consumer reports,Problem with a company's investigation into an existing issue,Web,Closed with explanation,Yes,1
2024-05,Credit reporting or other personal consumer reports,Problem with a company's investigation into an existing problem,Web,Closed with explanation,Yes,293
2024-05,Credit reporting or other personal consumer reports,Problem with a company's investigation into an existing problem,Web,Closed with non-monetary relief,Yes,478
2024-05,Credit reporting or other personal consumer reports,Problem with fraud alerts or security freezes,Web,Closed with explanation,Yes,5
2024-05,Credit reporting or other personal consumer reports,Problem with fraud alerts or security freezes,Web,Closed with non-monetary relief,Yes,2
2024-05,Credit reporting or other personal consumer reports,Unable to get your credit report or credit score,Web,Closed with explanation,Yes,24
2024-05,Credit reporting or other personal consumer reports,Unable to get your credit report or credit score,Web,Closed with non-monetary relief,Yes,7
2024-05,Debt collection,Attempts to collect debt not owed,Web,Closed with explanation,No,1
2024-05,Debt collection,Attempts to collect debt not owed,Web,Closed with explanation,Yes,102
2024-05,Debt collection,Attempts to collect debt not owed,Web,Closed with non-monetary relief,Yes,67
2024-05,Debt collection,Communication tactics,Web,Closed with explanation,Yes,9
2024-05,Debt collection,Communication tactics,Web,Closed with non-monetary relief,Yes,7
2024-05,Debt collection,Electronic communications,Web,Closed with explanation,Yes,2
2024-05,Debt collection,False statements or representation,Web,Closed with explanation,No,1
2024-05,Debt collection,False statements or representation,Web,Closed with explanation,Yes,12
2024-05,Debt collection,False statements or representation,Web,Closed with non-monetary relief,Yes,5
2024-05,Debt collection,Took or threatened to take negative or legal action,Web,Closed with explanation,Yes,16
2024-05,Debt collection,Took or threatened to take negative or legal action,Web,Closed with monetary relief,Yes,2
2024-05,Debt collection,Took or threatened to take negative or legal action,Web,Closed with non-monetary relief,Yes,3
2024-05,Debt collection,Took or threatened to take negative or legal action,Web,Untimely response,No,1
2024-05,Debt collection,Written notification about debt,Web,Closed with explanation,Yes,65
2024-05,Debt collection,Written notification about debt,Web,Closed with non-monetary relief,Yes,73
2024-05,Debt collection,Written notification about debt,Web,Untimely response,No,1
2024-05,Debt or credit management,Confusing or misleading advertising or marketing,Web,Closed with explanation,Yes,1
2024-05,Debt or credit management,Confusing or missing disclosures,Web,Closed with explanation,Yes,1
2024-05,Debt or credit management,Didn't provide services promised,Web,Closed with explanation,Yes,1
2024-05,Debt or credit management,Unauthorized withdrawals or charges,Web,Closed with explanation,Yes,2
2024-05,"Money transfer, virtual currency, or money service",Confusing or missing disclosures,Web,Closed with explanation,Yes,1
2024-05,"Money transfer, virtual currency, or money service",Fraud or scam,Web,Closed with explanation,Yes,17
2024-05,"Money transfer, virtual currency, or money service",Fraud or scam,Web,Closed with monetary relief,Yes,1
2024-05,"Money transfer, virtual currency, or money service",Lost or stolen money order,Web,Closed with explanation,Yes,1
2024-05,"Money transfer, virtual currency, or money service",Money was not available when promised,Web,Closed with explanation,Yes,2
2024-05,"Money transfer, virtual currency, or money service",Money was not available when promised,Web,Closed with non-monetary relief,Yes,1
2024-05,"Money transfer, virtual currency, or money service",Other transaction problem,Web,Closed with explanation,Yes,6
2024-05,"Money transfer, virtual currency, or money service",Other transaction problem,Web,Closed with monetary relief,Yes,1
2024-05,"Money transfer, virtual currency, or money service",Trouble accessing funds in your mobile or digital wallet,Web,Closed with explanation,Yes,2
2024-05,"Money transfer, virtual currency, or money service",Unauthorized transactions or other transaction problem,Web,Closed with monetary relief,Yes,1
2024-05,"Money transfer, virtual currency, or money service",Unauthorized transactions or other transaction problem,Web,Closed with non-monetary relief,Yes,1
2024-05,"Money transfer, virtual currency, or money service",Unexpected or other fees,Web,Closed with explanation,Yes,2
2024-05,"Money transfer, virtual currency, or money service",Wrong amount charged or received,Web,Closed with explanation,Yes,1
2024-05,Mortgage,Applying for a mortgage or refinancing an existing mortgage,Web,Closed with explanation,Yes,4
2024-05,Mortgage,Closing on a mortgage,Web,Closed with explanation,Yes,4
2024-05,Mortgage,Problem with a company's investigation into an existing problem,Web,Closed with explanation,Yes,1
2024-05,Mortgage,Struggling to pay mortgage,Web,Closed with explanation,Yes,13
2024-05,Mortgage,Trouble during payment process,Web,Closed with explanation,No,1
2024-05,Mortgage,Trouble during payment process,Web,Closed with explanation,Yes,21
2024-05,Mortgage,Trouble during payment process,Web,Closed with non-monetary relief,Yes,1
2024-05,"Payday loan, title loan, personal loan, or advance loan",Charged fees or interest you didn't expect,Web,Closed with explanation,Yes,3
2024-05,"Payday loan, title loan, personal loan, or advance loan",Charged fees or interest you didn't expect,Web,Closed with monetary relief,Yes,1
2024-05,"Payday loan, title loan, personal loan, or advance loan",Getting the loan,Web,Closed with explanation,Yes,1
2024-05,"Payday loan, title loan, personal loan, or advance loan",Problem when making payments,Web,Closed with explanation,Yes,1
2024-05,"Payday loan, title loan, personal loan, or advance loan",Problem with additional add-on products or services,Web,Closed with explanation,Yes,2
2024-05,"Payday loan, title loan, personal loan, or advance loan",Problem with the payoff process at the end of the loan,Web,Closed with explanation,Yes,3
2024-05,"Payday loan, title loan, personal loan, or advance loan",Struggling to pay your loan,Web,Closed with explanation,Yes,1
2024-05,Prepaid card,Problem getting a card or closing an account,Web,Closed with explanation,Yes,4
2024-05,Prepaid card,Problem with a purchase or transfer,Web,Closed with explanation,Yes,4
2024-05,Prepaid card,Trouble using the card,Web,Closed with explanation,Yes,4
2024-05,Prepaid card,Trouble using the card,Web,Closed with monetary relief,Yes,5
2024-05,Student loan,Dealing with your lender or servicer,Web,Closed with explanation,No,3
2024-05,Student loan,Dealing with your lender or servicer,Web,Closed with explanation,Yes,31
2024-05,Student loan,Incorrect information on your report,Web,Closed with explanation,Yes,2
2024-05,Student loan,Issue where my lender is my school,Web,Closed with explanation,Yes,1
2024-05,Student loan,Problem with a company's investigation into an existing problem,Web,Closed with explanation,Yes,2
2024-05,Student loan,Struggling to repay your loan,Web,Closed with explanation,Yes,5
2024-05,Vehicle loan or lease,Getting a loan or lease,Web,Closed with explanation,Yes,2
2024-05,Vehicle loan or lease,Getting a loan or lease,Web,Closed with non-monetary relief,Yes,1
2024-05,Vehicle loan or lease,Incorrect information on your report,Web,Closed with explanation,Yes,2
2024-05,Vehicle loan or lease,Incorrect information on your report,Web,Closed with monetary relief,Yes,1
2024-05,Vehicle loan or lease,Managing the loan or lease,Web,Closed with explanation,Yes,4
2024-05,Vehicle loan or lease,Managing the loan or lease,Web,Closed with monetary relief,Yes,1
2024-05,Vehicle loan or lease,Problem with a company's investigation into an existing problem,Web,Closed with explanation,Yes,2
2024-05,Vehicle loan or lease,Problems at the end of the loan or lease,Web,Closed with explanation,Yes,8
2024-05,Vehicle loan or lease,Problems at the end of the loan or lease,Web,Closed with monetary relief,Yes,1
2024-05,Vehicle loan or lease,Repossession,Web,Closed with explanation,Yes,2
2024-05,Vehicle loan or lease,Struggling to pay your loan,Web,Closed with explanation,Yes,2
2024-06,Checking or savings account,Closing an account,Web,Closed with explanation,Yes,20
2024-06,Checking or savings account,Closing an account,Web,Closed with monetary relief,Yes,5
2024-06,Checking or savings account,Closing an account,Web,Closed with non-monetary relief,Yes,6
2024-06,Checking or savings account,Managing an account,Web,Closed with explanation,Yes,77
2024-06,Checking or savings account,Managing an account,Web,Closed with monetary relief,Yes,11
2024-06,Checking or savings account,Managing an account,Web,Closed with non-monetary relief,Yes,8
2024-06,Checking or savings account,Opening an account,Web,Closed with explanation,Yes,5
2024-06,Checking or savings account,Opening an account,Web,Closed with monetary relief,Yes,3
2024-06,Checking or savings account,Opening an account,Web,Closed with non-monetary relief,Yes,2
2024-06,Checking or savings account,Problem caused by your funds being low,Web,Closed with explanation,Yes,9
2024-06,Checking or savings account,Problem with a lender or other company charging your account,Web,Closed with explanation,Yes,20
2024-06,Checking or savings account,Problem with a lender or other company charging your account,Web,Closed with monetary relief,Yes,5
2024-06,Credit card,"Advertising and marketing, including promotional offers",Web,Closed with explanation,Yes,10
2024-06,Credit card,Closing your account,Web,Closed with explanation,Yes,10
2024-06,Credit card,Closing your account,Web,Closed with non-monetary relief,Yes,1
2024-06,Credit card,Fees or interest,Web,Closed with explanation,Yes,19
2024-06,Credit card,Fees or interest,Web,Closed with monetary relief,Yes,13
2024-06,Credit card,Getting a credit card,Web,Closed with explanation,Yes,14
2024-06,Credit card,Getting a credit card,Web,Closed with non-monetary relief,Yes,14
2024-06,Credit card,Improper use of your report,Web,Closed with explanation,Yes,1
2024-06,Credit card,Incorrect information on your report,Web,Closed with explanation,Yes,3
2024-06,Credit card,Incorrect information on your report,Web,Closed with non-monetary relief,Yes,4
2024-06,Credit card,"Other features, terms, or problems",Web,Closed with explanation,Yes,15
2024-06,Credit card,"Other features, terms, or problems",Web,Closed with monetary relief,Yes,6
2024-06,Credit card,"Other features, terms, or problems",Web,Closed with non-monetary relief,Yes,1
2024-06,Credit card,Problem when making payments,Web,Closed with explanation,Yes,7
2024-06,Credit card,Problem when making payments,Web,Closed with monetary relief,Yes,4
2024-06,Credit card,Problem when making payments,Web,Closed with non-monetary relief,Yes,1
2024-06,Credit card,Problem with a company's investigation into an existing problem,Web,Closed with explanation,Yes,7
2024-06,Credit card,Problem with a company's investigation into an existing problem,Web,Closed with non-monetary relief,Yes,4
2024-06,Credit card,Problem with a purchase shown on your statement,Web,Closed with explanation,Yes,27
2024-06,Credit card,Problem with a purchase shown on your statement,Web,Closed with monetary relief,Yes,20
2024-06,Credit card,Problem with a purchase shown on your statement,Web,Closed with non-monetary relief,Yes,2
2024-06,Credit card,Struggling to pay your bill,Web,Closed with explanation,Yes,2
2024-06,Credit card,Trouble using your card,Web,Closed with explanation,Yes,6
2024-06,Credit card,Trouble using your card,Web,Closed with non-monetary relief,Yes,2
2024-06,Credit reporting or other personal consumer reports,Credit monitoring or identity theft protection services,Web,Closed with explanation,Yes,4
2024-06,Credit reporting or other personal consumer reports,Credit monitoring or identity theft protection services,Web,Closed with non-monetary relief,Yes,4
2024-06,Credit reporting or other personal consumer reports,Improper use of your report,Web,Closed with explanation,Yes,483
2024-06,Credit reporting or other personal consumer reports,Improper use of your report,Web,Closed with non-monetary relief,Yes,472
2024-06,Credit reporting or other personal consumer reports,Incorrect information on your report,Web,Closed with explanation,Yes,839
2024-06,Credit reporting or other personal consumer reports,Incorrect information on your report,Web,Closed with monetary relief,Yes,3
2024-06,Credit reporting or other personal consumer reports,Incorrect information on your report,Web,Closed with non-monetary relief,Yes,1080
2024-06,Credit reporting or other personal consumer reports,Problem with a company's investigation into an existing issue,Web,Closed with explanation,Yes,1
2024-06,Credit reporting or other personal consumer reports,Problem with a company's investigation into an existing problem,Web,Closed with explanation,Yes,256
2024-06,Credit reporting or other personal consumer reports,Problem with a company's investigation into an existing problem,Web,Closed with non-monetary relief,Yes,352
2024-06,Credit reporting or other personal consumer reports,Problem with fraud alerts or security freezes,Web,Closed with explanation,Yes,52
2024-06,Credit reporting or other personal consumer reports,Problem with fraud alerts or security freezes,Web,Closed with non-monetary relief,Yes,13
2024-06,Credit reporting or other personal consumer reports,Unable to get your credit report or credit score,Web,Closed with explanation,Yes,17
2024-06,Credit reporting or other personal consumer reports,Unable to get your credit report or credit score,Web,Closed with non-monetary relief,Yes,7
2024-06,Debt collection,Attempts to collect debt not owed,Web,Closed with explanation,No,1
2024-06,Debt collection,Attempts to collect debt not owed,Web,Closed with explanation,Yes,101
2024-06,Debt collection,Attempts to collect debt not owed,Web,Closed with monetary relief,Yes,1
2024-06,Debt collection,Attempts to collect debt not owed,Web,Closed with non-monetary relief,Yes,61
2024-06,Debt collection,Communication tactics,Web,Closed with explanation,Yes,11
2024-06,Debt collection,Communication tactics,Web,Closed with non-monetary relief,Yes,6
2024-06,Debt collection,Electronic communications,Web,Closed with explanation,Yes,1
2024-06,Debt collection,Electronic communications,Web,Closed with non-monetary relief,Yes,1
2024-06,Debt collection,False statements or representation,Web,Closed with explanation,No,1
2024-06,Debt collection,False statements or representation,Web,Closed with explanation,Yes,13
2024-06,Debt collection,False statements or representation,Web,Closed with non-monetary relief,Yes,2
2024-06,Debt collection,Threatened to contact someone or share information improperly,Web,Closed with explanation,Yes,1
2024-06,Debt collection,Took or threatened to take negative or legal action,Web,Closed with explanation,Yes,12
2024-06,Debt collection,Took or threatened to take negative or legal action,Web,Closed with non-monetary relief,Yes,6
2024-06,Debt collection,Written notification about debt,Web,Closed with explanation,Yes,27
2024-06,Debt collection,Written notification about debt,Web,Closed with non-monetary relief,Yes,28
2024-06,Debt or credit management,Charged upfront or unexpected fees,Web,Closed with explanation,Yes,1
2024-06,Debt or credit management,Confusing or misleading advertising or marketing,Web,Closed with explanation,Yes,1
2024-06,Debt or credit management,Confusing or misleading advertising or marketing,Web,Closed with non-monetary relief,Yes,1
2024-06,Debt or credit management,Confusing or missing disclosures,Web,Closed with explanation,Yes,2
2024-06,"Money transfer, virtual currency, or money service",Confusing or missing disclosures,Web,Closed with explanation,Yes,1
2024-06,"Money transfer, virtual currency, or money service",Fraud or scam,Web,Closed with explanation,Yes,17
2024-06,"Money transfer, virtual currency, or money service","Managing, opening, or closing your mobile wallet account",Web,Closed with explanation,Yes,1
2024-06,"Money transfer, virtual currency, or money service",Money was not available when promised,Web,Closed with explanation,Yes,4
2024-06,"Money transfer, virtual currency, or money service",Other service problem,Web,Closed with explanation,Yes,2
2024-06,"Money transfer, virtual currency, or money service",Other transaction problem,Web,Closed with explanation,Yes,8
2024-06,"Money transfer, virtual currency, or money service",Other transaction problem,Web,Closed with monetary relief,Yes,1
2024-06,"Money transfer, virtual currency, or money service",Other transaction problem,Web,Closed with non-monetary relief,Yes,1
2024-06,"Money transfer, virtual currency, or money service",Problem with customer service,Web,Closed with explanation,Yes,2
2024-06,"Money transfer, virtual currency, or money service",Trouble accessing funds in your mobile or digital wallet,Web,Closed with explanation,Yes,3
2024-06,"Money transfer, virtual currency, or money service",Trouble accessing funds in your mobile or digital wallet,Web,Closed with non-monetary relief,Yes,1
2024-06,"Money transfer, virtual currency, or money service",Unauthorized transactions or other transaction problem,Web,Closed with explanation,Yes,2
2024-06,"Money transfer, virtual currency, or money service",Unexpected or other fees,Web,Closed with explanation,Yes,2
2024-06,"Money transfer, virtual currency, or money service",Wrong amount charged or received,Web,Closed with explanation,Yes,1
2024-06,Mortgage,Applying for a mortgage or refinancing an existing mortgage,Web,Closed with explanation,Yes,2
2024-06,Mortgage,Closing on a mortgage,Web,Closed with explanation,Yes,2
2024-06,Mortgage,Incorrect information on your report,Web,Closed with explanation,Yes,1
2024-06,Mortgage,Problem with a company's investigation into an existing problem,Web,Closed with explanation,Yes,1
2024-06,Mortgage,Struggling to pay mortgage,Web,Closed with explanation,Yes,11
2024-06,Mortgage,Trouble during payment process,Web,Closed with explanation,Yes,12
2024-06,Mortgage,Trouble during payment process,Web,Closed with monetary relief,Yes,1
2024-06,Mortgage,Trouble during payment process,Web,Closed with non-monetary relief,Yes,2
2024-06,"Payday loan, title loan, personal loan, or advance loan",Getting the loan,Web,Closed with explanation,Yes,1
2024-06,"Payday loan, title loan, personal loan, or advance loan",Improper use of your report,Web,Closed with explanation,Yes,1
2024-06,"Payday loan, title loan, personal loan, or advance loan",Incorrect information on your report,Web,Closed with explanation,Yes,1
2024-06,"Payday loan, title loan, personal loan, or advance loan",Incorrect information on your report,Web,Closed with non-monetary relief,Yes,1
2024-06,"Payday loan, title loan, personal loan, or advance loan",Loan payment wasn't credited to your account,Web,Closed with explanation,Yes,1
2024-06,"Payday loan, title loan, personal loan, or advance loan",Problem when making payments,Web,Closed with explanation,Yes,4
2024-06,"Payday loan, title loan, personal loan, or advance loan",Problem with additional add-on products or services,Web,Closed with explanation,Yes,1
2024-06,"Payday loan, title loan, personal loan, or advance loan",Problem with the payoff process at the end of the loan,Web,Closed with explanation,Yes,4
2024-06,"Payday loan, title loan, personal loan, or advance loan",Struggling to pay your loan,Web,Closed with explanation,Yes,2
2024-06,Prepaid card,Problem getting a card or closing an account,Web,Closed with explanation,Yes,2
2024-06,Prepaid card,Problem getting a card or closing an account,Web,Closed with monetary relief,Yes,1
2024-06,Prepaid card,Problem getting a card or closing an account,Web,Closed with non-monetary relief,Yes,1
2024-06,Prepaid card,Trouble using the card,Web,Closed with explanation,No,1
2024-06,Prepaid card,Trouble using the card,Web,Closed with explanation,Yes,5
2024-06,Prepaid card,Trouble using the card,Web,Closed with monetary relief,Yes,8
2024-06,Prepaid card,Unexpected or other fees,Web,Closed with explanation,Yes,1
2024-06,Student loan,Dealing with your lender or servicer,Web,Closed with explanation,No,4
2024-06,Student loan,Dealing with your lender or servicer,Web,Closed with explanation,Yes,31
2024-06,Student loan,Dealing with your lender or servicer,Web,Closed with non-monetary relief,Yes,1
2024-06,Student loan,Getting a loan,Web,Closed with explanation,Yes,1
2024-06,Student loan,Improper use of your report,Web,Closed with explanation,Yes,1
2024-06,Student loan,Incorrect information on your report,Web,Closed with explanation,Yes,1
2024-06,Student loan,Struggling to repay your loan,Web,Closed with explanation,Yes,4
2024-06,Vehicle loan or lease,Getting a loan or lease,Web,Closed with explanation,Yes,6
2024-06,Vehicle loan or lease,Getting a loan or lease,Web,Closed with non-monetary relief,Yes,1
2024-06,Vehicle loan or lease,Incorrect information on your report,Web,Closed with explanation,Yes,1
2024-06,Vehicle loan or lease,Managing the loan or lease,Web,Closed with explanation,Yes,8
2024-06,Vehicle loan or lease,Managing the loan or lease,Web,Untimely response,No,1
2024-06,Vehicle loan or lease,Problems at the end of the loan or lease,Web,Closed with explanation,Yes,5
2024-06,Vehicle loan or lease,Repossession,Web,Closed with explanation,Yes,2
2024-06,Vehicle loan or lease,Struggling to pay your loan,Web,Closed with explanation,Yes,1
2024-07,Checking or savings account,Closing an account,Web,Closed with explanation,Yes,25
2024-07,Checking or savings account,Closing an account,Web,Closed with monetary relief,Yes,2
2024-07,Checking or savings account,Closing an account,Web,Closed with non-monetary relief,Yes,5
2024-07,Checking or savings account,Managing an account,Web,Closed with explanation,Yes,93
2024-07,Checking or savings account,Managing an account,Web,Closed with monetary relief,Yes,16
2024-07,Checking or savings account,Managing an account,Web,Closed with non-monetary relief,Yes,9
2024-07,Checking or savings account,Opening an account,Web,Closed with explanation,Yes,19
2024-07,Checking or savings account,Opening an account,Web,Closed with monetary relief,Yes,2
2024-07,Checking or savings account,Opening an account,Web,Closed with non-monetary relief,No,2
2024-07,Checking or savings account,Opening an account,Web,Closed with non-monetary relief,Yes,2
2024-07,Checking or savings account,Opening an account,Web,Untimely response,No,1
2024-07,Checking or savings account,Problem caused by your funds being low,Web,Closed with explanation,Yes,6
2024-07,Checking or savings account,Problem caused by your funds being low,Web,Closed with monetary relief,Yes,1
2024-07,Checking or savings account,Problem with a lender or other company charging your account,Web,Closed with explanation,Yes,21
2024-07,Checking or savings account,Problem with a lender or other company charging your account,Web,Closed with monetary relief,Yes,7
2024-07,Checking or savings account,Problem with a lender or other company charging your account,Web,Closed with non-monetary relief,Yes,1
2024-07,Credit card,"Advertising and marketing, including promotional offers",Web,Closed with explanation,Yes,11
2024-07,Credit card,"Advertising and marketing, including promotional offers",Web,Closed with non-monetary relief,Yes,2
2024-07,Credit card,Closing your account,Web,Closed with explanation,Yes,10
2024-07,Credit card,Closing your account,Web,Closed with monetary relief,Yes,1
2024-07,Credit card,Closing your account,Web,Closed with non-monetary relief,Yes,3
2024-07,Credit card,Fees or interest,Web,Closed with explanation,Yes,15
2024-07,Credit card,Fees or interest,Web,Closed with monetary relief,Yes,7
2024-07,Credit card,Fees or interest,Web,Closed with non-monetary relief,Yes,3
2024-07,Credit card,Getting a credit card,Web,Closed with explanation,Yes,17
2024-07,Credit card,Getting a credit card,Web,Closed with monetary relief,Yes,1
2024-07,Credit card,Getting a credit card,Web,Closed with non-monetary relief,Yes,5
2024-07,Credit card,Improper use of your report,Web,Closed with explanation,Yes,1
2024-07,Credit card,Improper use of your report,Web,Closed with non-monetary relief,Yes,3
2024-07,Credit card,Incorrect information on your report,Web,Closed with explanation,Yes,5
2024-07,Credit card,Incorrect information on your report,Web,Closed with non-monetary relief,Yes,1
2024-07,Credit card,"Other features, terms, or problems",Web,Closed with explanation,Yes,15
2024-07,Credit card,"Other features, terms, or problems",Web,Closed with monetary relief,Yes,1
2024-07,Credit card,"Other features, terms, or problems",Web,Closed with non-monetary relief,Yes,1
2024-07,Credit card,Problem when making payments,Web,Closed with explanation,Yes,2
2024-07,Credit card,Problem when making payments,Web,Closed with monetary relief,Yes,4
2024-07,Credit card,Problem when making payments,Web,Closed with non-monetary relief,Yes,1
2024-07,Credit card,Problem with a company's investigation into an existing problem,Web,Closed with explanation,Yes,2
2024-07,Credit card,Problem with a company's investigation into an existing problem,Web,Closed with monetary relief,Yes,1
2024-07,Credit card,Problem with a purchase shown on your statement,Web,Closed with explanation,Yes,21
2024-07,Credit card,Problem with a purchase shown on your statement,Web,Closed with monetary relief,Yes,20
2024-07,Credit card,Problem with a purchase shown on your statement,Web,Closed with non-monetary relief,Yes,7
2024-07,Credit card,Struggling to pay your bill,Web,Closed with explanation,Yes,2
2024-07,Credit card,Trouble using your card,Web,Closed with explanation,Yes,8
2024-07,Credit card,Trouble using your card,Web,Closed with monetary relief,Yes,2
2024-07,Credit card,Trouble using your card,Web,Closed with non-monetary relief,Yes,3
2024-07,Credit card,Unable to get your credit report or credit score,Web,Closed with non-monetary relief,Yes,1
2024-07,Credit reporting or other personal consumer reports,Credit monitoring or identity theft protection services,Web,Closed with explanation,Yes,11
2024-07,Credit reporting or other personal consumer reports,Credit monitoring or identity theft protection services,Web,Closed with non-monetary relief,Yes,2
2024-07,Credit reporting or other personal consumer reports,Improper use of your report,Web,Closed with explanation,Yes,520
2024-07,Credit reporting or other personal consumer reports,Improper use of your report,Web,Closed with non-monetary relief,Yes,482
2024-07,Credit reporting or other personal consumer reports,Incorrect information on your report,Web,Closed with explanation,Yes,948
2024-07,Credit reporting or other personal consumer reports,Incorrect information on your report,Web,Closed with non-monetary relief,Yes,1109
2024-07,Credit reporting or other personal consumer reports,Problem with a company's investigation into an existing issue,Web,Closed with explanation,Yes,4
2024-07,Credit reporting or other personal consumer reports,Problem with a company's investigation into an existing issue,Web,Closed with non-monetary relief,Yes,1
2024-07,Credit reporting or other personal consumer reports,Problem with a company's investigation into an existing problem,Web,Closed with explanation,Yes,237
2024-07,Credit reporting or other personal consumer reports,Problem with a company's investigation into an existing problem,Web,Closed with non-monetary relief,Yes,321
2024-07,Credit reporting or other personal consumer reports,Problem with fraud alerts or security freezes,Web,Closed with explanation,Yes,32
2024-07,Credit reporting or other personal consumer reports,Problem with fraud alerts or security freezes,Web,Closed with non-monetary relief,Yes,22
2024-07,Credit reporting or other personal consumer reports,Unable to get your credit report or credit score,Web,Closed with explanation,Yes,7
2024-07,Credit reporting or other personal consumer reports,Unable to get your credit report or credit score,Web,Closed with non-monetary relief,Yes,1
2024-07,Debt collection,Attempts to collect debt not owed,Web,Closed with explanation,Yes,113
2024-07,Debt collection,Attempts to collect debt not owed,Web,Closed with monetary relief,Yes,2
2024-07,Debt collection,Attempts to collect debt not owed,Web,Closed with non-monetary relief,Yes,60
2024-07,Debt collection,Attempts to collect debt not owed,Web,Untimely response,No,1
2024-07,Debt collection,Communication tactics,Web,Closed with explanation,Yes,7
2024-07,Debt collection,Communication tactics,Web,Closed with non-monetary relief,Yes,4
2024-07,Debt collection,Electronic communications,Web,Closed with explanation,Yes,3
2024-07,Debt collection,False statements or representation,Web,Closed with explanation,Yes,18
2024-07,Debt collection,False statements or representation,Web,Closed with non-monetary relief,Yes,2
2024-07,Debt collection,False statements or representation,Web,Untimely response,No,1
2024-07,Debt collection,Threatened to contact someone or share information improperly,Web,Closed with explanation,Yes,8
2024-07,Debt collection,Threatened to contact someone or share information improperly,Web,Closed with non-monetary relief,Yes,1
2024-07,Debt collection,Took or threatened to take negative or legal action,Web,Closed with explanation,Yes,24
2024-07,Debt collection,Took or threatened to take negative or legal action,Web,Closed with non-monetary relief,Yes,3
2024-07,Debt collection,Written notification about debt,Web,Closed with explanation,Yes,47
2024-07,Debt collection,Written notification about debt,Web,Closed with non-monetary relief,Yes,20
2024-07,Debt collection,Written notification about debt,Web,Untimely response,No,1
2024-07,Debt or credit management,Charged upfront or unexpected fees,Web,Closed with non-monetary relief,Yes,1
2024-07,Debt or credit management,Confusing or missing disclosures,Web,Closed with explanation,Yes,1
2024-07,Debt or credit management,Didn't provide services promised,Web,Closed with explanation,Yes,1
2024-07,"Money transfer, virtual currency, or money service",Confusing or missing disclosures,Web,Closed with explanation,Yes,1
2024-07,"Money transfer, virtual currency, or money service",Confusing or missing disclosures,Web,Closed with monetary relief,Yes,1
2024-07,"Money transfer, virtual currency, or money service",Fraud or scam,Web,Closed with explanation,No,1
2024-07,"Money transfer, virtual currency, or money service",Fraud or scam,Web,Closed with explanation,Yes,14
2024-07,"Money transfer, virtual currency, or money service",Fraud or scam,Web,Closed with monetary relief,Yes,1
2024-07,"Money transfer, virtual currency, or money service",Fraud or scam,Web,Closed with non-monetary relief,Yes,1
2024-07,"Money transfer, virtual currency, or money service",Lost or stolen money order,Web,Closed with explanation,Yes,1
2024-07,"Money transfer, virtual currency, or money service","Managing, opening, or closing your mobile wallet account",Web,Closed with explanation,Yes,2
2024-07,"Money transfer, virtual currency, or money service",Money was not available when promised,Web,Closed with explanation,Yes,3
2024-07,"Money transfer, virtual currency, or money service",Money was not available when promised,Web,Closed with monetary relief,Yes,3
2024-07,"Money transfer, virtual currency, or money service",Other service problem,Web,Closed with explanation,Yes,1
2024-07,"Money transfer, virtual currency, or money service",Other transaction problem,Web,Closed with explanation,Yes,7
2024-07,"Money transfer, virtual currency, or money service",Other transaction problem,Web,Closed with monetary relief,Yes,2
2024-07,"Money transfer, virtual currency, or money service",Trouble accessing funds in your mobile or digital wallet,Web,Closed with explanation,Yes,4
2024-07,"Money transfer, virtual currency, or money service",Unauthorized transactions or other transaction problem,Web,Closed with explanation,Yes,5
2024-07,"Money transfer, virtual currency, or money service",Unauthorized transactions or other transaction problem,Web,Closed with monetary relief,Yes,2
2024-07,"Money transfer, virtual currency, or money service",Unexpected or other fees,Web,Closed with monetary relief,Yes,1
2024-07,"Money transfer, virtual currency, or money service",Wrong amount charged or received,Web,Closed with explanation,Yes,1
2024-07,Mortgage,Applying for a mortgage or refinancing an existing mortgage,Web,Closed with explanation,Yes,3
2024-07,Mortgage,Applying for a mortgage or refinancing an existing mortgage,Web,Closed with monetary relief,Yes,1
2024-07,Mortgage,Applying for a mortgage or refinancing an existing mortgage,Web,Untimely response,No,1
2024-07,Mortgage,Closing on a mortgage,Web,Closed with explanation,Yes,9
2024-07,Mortgage,Struggling to pay mortgage,Web,Closed with explanation,Yes,11
2024-07,Mortgage,Trouble during payment process,Web,Closed with explanation,Yes,19
2024-07,"Payday loan, title loan, personal loan, or advance loan",Charged fees or interest you didn't expect,Web,Closed with explanation,Yes,1
2024-07,"Payday loan, title loan, personal loan, or advance loan",Getting a line of credit,Web,Closed with explanation,Yes,1
2024-07,"Payday loan, title loan, personal loan, or advance loan",Getting the loan,Web,Closed with explanation,Yes,2
2024-07,"Payday loan, title loan, personal loan, or advance loan",Incorrect information on your report,Web,Closed with non-monetary relief,Yes,1
2024-07,"Payday loan, title loan, personal loan, or advance loan",Problem with additional add-on products or services,Web,Closed with explanation,Yes,2
2024-07,"Payday loan, title loan, personal loan, or advance loan",Problem with the payoff process at the end of the loan,Web,Closed with explanation,Yes,1
2024-07,"Payday loan, title loan, personal loan, or advance loan",Problems receiving the advance,Web,Closed with explanation,Yes,1
2024-07,"Payday loan, title loan, personal loan, or advance loan",Received a loan you didn't apply for,Web,Closed with explanation,Yes,1
2024-07,Prepaid card,Problem getting a card or closing an account,Web,Closed with explanation,Yes,1
2024-07,Prepaid card,Problem with a purchase or transfer,Web,Closed with explanation,Yes,5
2024-07,Prepaid card,Trouble using the card,Web,Closed with explanation,Yes,3
2024-07,Prepaid card,Trouble using the card,Web,Closed with monetary relief,Yes,6
2024-07,Prepaid card,Unexpected or other fees,Web,Closed with monetary relief,Yes,1
2024-07,Student loan,Dealing with your lender or servicer,Web,Closed with explanation,Yes,19
2024-07,Student loan,Dealing with your lender or servicer,Web,Untimely response,No,1
2024-07,Student loan,Getting a loan,Web,Closed with explanation,Yes,1
2024-07,Student loan,Incorrect information on your report,Web,Closed with explanation,Yes,1
2024-07,Student loan,Struggling to repay your loan,Web,Closed with explanation,Yes,8
2024-07,Vehicle loan or lease,Getting a loan or lease,Web,Closed with explanation,Yes,1
2024-07,Vehicle loan or lease,Incorrect information on your report,Web,Closed with explanation,Yes,2
2024-07,Vehicle loan or lease,Managing the loan or lease,Web,Closed with explanation,Yes,5
2024-07,Vehicle loan or lease,Managing the loan or lease,Web,Closed with non-monetary relief,Yes,1
2024-07,Vehicle loan or lease,Problem with a company's investigation into an existing problem,Web,Closed with explanation,Yes,1
2024-07,Vehicle loan or lease,Problems at the end of the loan or lease,Web,Closed with explanation,Yes,4
2024-07,Vehicle loan or lease,Repossession,Web,Closed with explanation,Yes,1
2024-07,Vehicle loan or lease,Struggling to pay your loan,Web,Closed with explanation,Yes,1
2024-08,Checking or savings account,Closing an account,Web,Closed with explanation,Yes,26
2024-08,Checking or savings account,Closing an account,Web,Closed with monetary relief,Yes,2
2024-08,Checking or savings account,Closing an account,Web,Closed with non-monetary relief,Yes,5
2024-08,Checking or savings account,Improper use of your report,Web,Closed with explanation,No,1
2024-08,Checking or savings account,Managing an account,Web,Closed with explanation,Yes,85
2024-08,Checking or savings account,Managing an account,Web,Closed with monetary relief,Yes,22
2024-08,Checking or savings account,Managing an account,Web,Closed with non-monetary relief,Yes,9
2024-08,Checking or savings account,Opening an account,Web,Closed with explanation,Yes,18
2024-08,Checking or savings account,Opening an account,Web,Closed with monetary relief,Yes,5
2024-08,Checking or savings account,Opening an account,Web,Closed with non-monetary relief,Yes,1
2024-08,Checking or savings account,Problem caused by your funds being low,Web,Closed with explanation,Yes,9
2024-08,Checking or savings account,Problem caused by your funds being low,Web,Closed with monetary relief,Yes,2
2024-08,Checking or savings account,Problem with a lender or other company charging your account,Web,Closed with explanation,Yes,19
2024-08,Checking or savings account,Problem with a lender or other company charging your account,Web,Closed with monetary relief,Yes,3
2024-08,Checking or savings account,Problem with a lender or other company charging your account,Web,Closed with non-monetary relief,Yes,1
2024-08,Checking or savings account,Unable to get your credit report or credit score,Web,Closed with explanation,Yes,1
2024-08,Credit card,"Advertising and marketing, including promotional offers",Web,Closed with explanation,Yes,4
2024-08,Credit card,"Advertising and marketing, including promotional offers",Web,Closed with monetary relief,Yes,3
2024-08,Credit card,"Advertising and marketing, including promotional offers",Web,Closed with non-monetary relief,Yes,3
2024-08,Credit card,Closing your account,Web,Closed with explanation,Yes,16
2024-08,Credit card,Closing your account,Web,Closed with monetary relief,Yes,2
2024-08,Credit card,Closing your account,Web,Closed with non-monetary relief,Yes,4
2024-08,Credit card,Credit monitoring or identity theft protection services,Web,Closed with explanation,Yes,2
2024-08,Credit card,Credit monitoring or identity theft protection services,Web,Closed with non-monetary relief,Yes,1
2024-08,Credit card,Fees or interest,Web,Closed with explanation,Yes,16
2024-08,Credit card,Fees or interest,Web,Closed with monetary relief,Yes,14
2024-08,Credit card,Fees or interest,Web,Closed with non-monetary relief,Yes,4
2024-08,Credit card,Getting a credit card,Web,Closed with explanation,Yes,24
2024-08,Credit card,Getting a credit card,Web,Closed with non-monetary relief,Yes,17
2024-08,Credit card,Incorrect information on your report,Web,Closed with explanation,Yes,16
2024-08,Credit card,Incorrect information on your report,Web,Closed with non-monetary relief,Yes,7
2024-08,Credit card,"Other features, terms, or problems",Web,Closed with explanation,Yes,26
2024-08,Credit card,"Other features, terms, or problems",Web,Closed with monetary relief,Yes,3
2024-08,Credit card,"Other features, terms, or problems",Web,Closed with non-monetary relief,Yes,3
2024-08,Credit card,Problem when making payments,Web,Closed with explanation,Yes,10
2024-08,Credit card,Problem when making payments,Web,Closed with monetary relief,Yes,1
2024-08,Credit card,Problem when making payments,Web,Closed with non-monetary relief,Yes,1
2024-08,Credit card,Problem with a company's investigation into an existing problem,Web,Closed with explanation,Yes,6
2024-08,Credit card,Problem with a company's investigation into an existing problem,Web,Closed with non-monetary relief,Yes,1
2024-08,Credit card,Problem with a purchase shown on your statement,Web,Closed with explanation,Yes,33
2024-08,Credit card,Problem with a purchase shown on your statement,Web,Closed with monetary relief,Yes,24
2024-08,Credit card,Problem with a purchase shown on your statement,Web,Closed with non-monetary relief,Yes,7
2024-08,Credit card,Struggling to pay your bill,Web,Closed with explanation,Yes,3
2024-08,Credit card,Trouble using your card,Web,Closed with explanation,Yes,5
2024-08,Credit card,Trouble using your card,Web,Closed with monetary relief,Yes,1
2024-08,Credit reporting or other personal consumer reports,Credit monitoring or identity theft protection services,Web,Closed with explanation,Yes,8
2024-08,Credit reporting or other personal consumer reports,Credit monitoring or identity theft protection services,Web,Closed with monetary relief,Yes,1
2024-08,Credit reporting or other personal consumer reports,Credit monitoring or identity theft protection services,Web,Closed with non-monetary relief,Yes,4
2024-08,Credit reporting or other personal consumer reports,Improper use of your report,Web,Closed with explanation,Yes,507
2024-08,Credit reporting or other personal consumer reports,Improper use of your report,Web,Closed with monetary relief,Yes,1
2024-08,Credit reporting or other personal consumer reports,Improper use of your report,Web,Closed with non-monetary relief,Yes,483
2024-08,Credit reporting or other personal consumer reports,Incorrect information on your report,Web,Closed with explanation,Yes,1067
2024-08,Credit reporting or other personal consumer reports,Incorrect information on your report,Web,Closed with non-monetary relief,Yes,1229
2024-08,Credit reporting or other personal consumer reports,Problem with a company's investigation into an existing issue,Web,Closed with explanation,Yes,2
2024-08,Credit reporting or other personal consumer reports,Problem with a company's investigation into an existing problem,Web,Closed with explanation,Yes,303
2024-08,Credit reporting or other personal consumer reports,Problem with a company's investigation into an existing problem,Web,Closed with monetary relief,Yes,3
2024-08,Credit reporting or other personal consumer reports,Problem with a company's investigation into an existing problem,Web,Closed with non-monetary relief,Yes,336
2024-08,Credit reporting or other personal consumer reports,Problem with fraud alerts or security freezes,Web,Closed with explanation,Yes,8
2024-08,Credit reporting or other personal consumer reports,Problem with fraud alerts or security freezes,Web,Closed with non-monetary relief,Yes,3
2024-08,Credit reporting or other personal consumer reports,Unable to get your credit report or credit score,Web,Closed with explanation,Yes,15
2024-08,Credit reporting or other personal consumer reports,Unable to get your credit report or credit score,Web,Closed with non-monetary relief,Yes,1
2024-08,Debt collection,Attempts to collect debt not owed,Web,Closed with explanation,No,1
2024-08,Debt collection,Attempts to collect debt not owed,Web,Closed with explanation,Yes,114
2024-08,Debt collection,Attempts to collect debt not owed,Web,Closed with monetary relief,Yes,1
2024-08,Debt collection,Attempts to collect debt not owed,Web,Closed with non-monetary relief,Yes,50
2024-08,Debt collection,Communication tactics,Web,Closed with explanation,Yes,11
2024-08,Debt collection,Communication tactics,Web,Closed with non-monetary relief,Yes,5
2024-08,Debt collection,False statements or representation,Web,Closed with explanation,Yes,14
2024-08,Debt collection,False statements or representation,Web,Closed with non-monetary relief,Yes,3
2024-08,Debt collection,Threatened to contact someone or share information improperly,Web,Closed with explanation,Yes,6
2024-08,Debt collection,Took or threatened to take negative or legal action,Web,Closed with explanation,No,3
2024-08,Debt collection,Took or threatened to take negative or legal action,Web,Closed with explanation,Yes,20
2024-08,Debt collection,Took or threatened to take negative or legal action,Web,Closed with non-monetary relief,Yes,5
2024-08,Debt collection,Written notification about debt,Web,Closed with explanation,Yes,24
2024-08,Debt collection,Written notification about debt,Web,Closed with non-monetary relief,Yes,10
2024-08,Debt or credit management,Confusing or missing disclosures,Web,Closed with explanation,Yes,1
2024-08,Debt or credit management,Didn't provide services promised,Web,Closed with explanation,Yes,4
2024-08,Debt or credit management,Didn't provide services promised,Web,Closed with non-monetary relief,Yes,1
2024-08,Debt or credit management,Problem with customer service,Web,Closed with explanation,Yes,1
2024-08,Debt or credit management,Problem with customer service,Web,Closed with non-monetary relief,Yes,1
2024-08,"Money transfer, virtual currency, or money service",Confusing or missing disclosures,Web,Closed with explanation,Yes,1
2024-08,"Money transfer, virtual currency, or money service",Fraud or scam,Web,Closed with explanation,No,1
2024-08,"Money transfer, virtual currency, or money service",Fraud or scam,Web,Closed with explanation,Yes,19
2024-08,"Money transfer, virtual currency, or money service",Fraud or scam,Web,Closed with monetary relief,Yes,2
2024-08,"Money transfer, virtual currency, or money service",Fraud or scam,Web,Closed with non-monetary relief,Yes,1
2024-08,"Money transfer, virtual currency, or money service",Fraud or scam,Web,Untimely response,No,1
2024-08,"Money transfer, virtual currency, or money service","Managing, opening, or closing your mobile wallet account",Web,Closed with explanation,Yes,2
2024-08,"Money transfer, virtual currency, or money service",Money was not available when promised,Web,Closed with explanation,Yes,5
2024-08,"Money transfer, virtual currency, or money service",Money was not available when promised,Web,Closed with monetary relief,Yes,2
2024-08,"Money transfer, virtual currency, or money service",Other service problem,Web,Closed with explanation,Yes,2
2024-08,"Money transfer, virtual currency, or money service",Other service problem,Web,Closed with non-monetary relief,Yes,1
2024-08,"Money transfer, virtual currency, or money service",Other transaction problem,Web,Closed with explanation,No,1
2024-08,"Money transfer, virtual currency, or money service",Other transaction problem,Web,Closed with explanation,Yes,6
2024-08,"Money transfer, virtual currency, or money service",Other transaction problem,Web,Closed with monetary relief,Yes,1
2024-08,"Money transfer, virtual currency, or money service",Problem with customer service,Web,Closed with explanation,Yes,2
2024-08,"Money transfer, virtual currency, or money service",Problem with customer service,Web,Closed with monetary relief,Yes,1
2024-08,"Money transfer, virtual currency, or money service",Trouble accessing funds in your mobile or digital wallet,Web,Closed with explanation,Yes,1
2024-08,"Money transfer, virtual currency, or money service",Trouble accessing funds in your mobile or digital wallet,Web,Closed with non-monetary relief,Yes,1
2024-08,"Money transfer, virtual currency, or money service",Unauthorized transactions or other transaction problem,Web,Closed with explanation,Yes,1
2024-08,"Money transfer, virtual currency, or money service",Unauthorized transactions or other transaction problem,Web,Closed with monetary relief,Yes,1
2024-08,"Money transfer, virtual currency, or money service",Wrong amount charged or received,Web,Closed with explanation,Yes,1
2024-08,Mortgage,Applying for a mortgage or refinancing an existing mortgage,Web,Closed with explanation,Yes,2
2024-08,Mortgage,Closing on a mortgage,Web,Closed with explanation,Yes,6
2024-08,Mortgage,Incorrect information on your report,Web,Closed with explanation,Yes,1
2024-08,Mortgage,Problem with a company's investigation into an existing problem,Web,Closed with explanation,Yes,1
2024-08,Mortgage,Struggling to pay mortgage,Web,Closed with explanation,Yes,15
2024-08,Mortgage,Trouble during payment process,Web,Closed with explanation,Yes,20
2024-08,Mortgage,Trouble during payment process,Web,Closed with non-monetary relief,Yes,1
2024-08,"Payday loan, title loan, personal loan, or advance loan",Charged fees or interest you didn't expect,Web,Closed with explanation,Yes,4
2024-08,"Payday loan, title loan, personal loan, or advance loan",Charged fees or interest you didn't expect,Web,Closed with monetary relief,Yes,1
2024-08,"Payday loan, title loan, personal loan, or advance loan",Getting a line of credit,Web,Closed with explanation,Yes,1
2024-08,"Payday loan, title loan, personal loan, or advance loan",Getting the loan,Web,Closed with explanation,Yes,3
2024-08,"Payday loan, title loan, personal loan, or advance loan",Incorrect information on your report,Web,Closed with explanation,Yes,2
2024-08,"Payday loan, title loan, personal loan, or advance loan",Loan payment wasn't credited to your account,Web,Closed with explanation,Yes,1
2024-08,"Payday loan, title loan, personal loan, or advance loan",Problem when making payments,Web,Closed with explanation,Yes,2
2024-08,"Payday loan, title loan, personal loan, or advance loan",Problem with additional add-on products or services,Web,Closed with explanation,Yes,3
2024-08,"Payday loan, title loan, personal loan, or advance loan",Struggling to pay your loan,Web,Closed with explanation,Yes,1
2024-08,"Payday loan, title loan, personal loan, or advance loan",Struggling to pay your loan,Web,Closed with non-monetary relief,Yes,1
2024-08,Prepaid card,Problem with a purchase or transfer,Web,Closed with explanation,Yes,1
2024-08,Prepaid card,Problem with a purchase or transfer,Web,Closed with monetary relief,Yes,1
2024-08,Prepaid card,Trouble using the card,Web,Closed with explanation,Yes,1
2024-08,Prepaid card,Trouble using the card,Web,Closed with monetary relief,Yes,5
2024-08,Prepaid card,Unexpected or other fees,Web,Closed with explanation,Yes,1
2024-08,Prepaid card,Unexpected or other fees,Web,Closed with non-monetary relief,Yes,1
2024-08,Student loan,Dealing with your lender or servicer,Web,Closed with explanation,No,1
2024-08,Student loan,Dealing with your lender or servicer,Web,Closed with explanation,Yes,19
2024-08,Student loan,Getting a loan,Web,Closed with explanation,Yes,2
2024-08,Student loan,Improper use of your report,Web,Closed with explanation,Yes,1
2024-08,Student loan,Struggling to repay your loan,Web,Closed with explanation,Yes,5
2024-08,Vehicle loan or lease,Getting a loan or lease,Web,Closed with explanation,Yes,3
2024-08,Vehicle loan or lease,Incorrect information on your report,Web,Closed with non-monetary relief,Yes,2
2024-08,Vehicle loan or lease,Managing the loan or lease,Web,Closed with explanation,Yes,6
2024-08,Vehicle loan or lease,Managing the loan or lease,Web,Closed with monetary relief,Yes,1
2024-08,Vehicle loan or lease,Problems at the end of the loan or lease,Web,Closed with explanation,Yes,5
2024-08,Vehicle loan or lease,Problems at the end of the loan or lease,Web,Closed with non-monetary relief,Yes,1
2024-08,Vehicle loan or lease,Struggling to pay your loan,Web,Closed with explanation,Yes,2
2024-08,Vehicle loan or lease,Struggling to pay your loan,Web,Closed with non-monetary relief,Yes,1
2024-09,Checking or savings account,Closing an account,Web,Closed with explanation,Yes,24
2024-09,Checking or savings account,Closing an account,Web,Closed with monetary relief,Yes,5
2024-09,Checking or savings account,Closing an account,Web,Closed with non-monetary relief,Yes,4
2024-09,Checking or savings account,Managing an account,Web,Closed with explanation,No,1
2024-09,Checking or savings account,Managing an account,Web,Closed with explanation,Yes,76
2024-09,Checking or savings account,Managing an account,Web,Closed with monetary relief,Yes,18
2024-09,Checking or savings account,Managing an account,Web,Closed with non-monetary relief,Yes,11
2024-09,Checking or savings account,Opening an account,Web,Closed with explanation,No,1
2024-09,Checking or savings account,Opening an account,Web,Closed with explanation,Yes,18
2024-09,Checking or savings account,Opening an account,Web,Closed with monetary relief,Yes,6
2024-09,Checking or savings account,Opening an account,Web,Closed with non-monetary relief,Yes,1
2024-09,Checking or savings account,Problem caused by your funds being low,Web,Closed with explanation,Yes,4
2024-09,Checking or savings account,Problem caused by your funds being low,Web,Closed with monetary relief,Yes,1
2024-09,Checking or savings account,Problem with a company's investigation into an existing problem,Web,Closed with explanation,Yes,2
2024-09,Checking or savings account,Problem with a lender or other company charging your account,Web,Closed with explanation,Yes,17
2024-09,Checking or savings account,Problem with a lender or other company charging your account,Web,Closed with monetary relief,Yes,4
2024-09,Checking or savings account,Problem with a lender or other company charging your account,Web,Closed with non-monetary relief,Yes,2
2024-09,Credit card,"Advertising and marketing, including promotional offers",Web,Closed with explanation,Yes,9
2024-09,Credit card,"Advertising and marketing, including promotional offers",Web,Closed with non-monetary relief,Yes,2
2024-09,Credit card,Closing your account,Web,Closed with explanation,Yes,14
2024-09,Credit card,Closing your account,Web,Closed with monetary relief,Yes,2
2024-09,Credit card,Fees or interest,Web,Closed with explanation,Yes,17
2024-09,Credit card,Fees or interest,Web,Closed with monetary relief,Yes,6
2024-09,Credit card,Getting a credit card,Web,Closed with explanation,Yes,34
2024-09,Credit card,Getting a credit card,Web,Closed with non-monetary relief,Yes,12
2024-09,Credit card,Improper use of your report,Web,Closed with explanation,Yes,1
2024-09,Credit card,Improper use of your report,Web,Closed with non-monetary relief,Yes,1
2024-09,Credit card,Incorrect information on your report,Web,Closed with explanation,Yes,31
2024-09,Credit card,Incorrect information on your report,Web,Closed with monetary relief,Yes,1
2024-09,Credit card,Incorrect information on your report,Web,Closed with non-monetary relief,Yes,15
2024-09,Credit card,"Other features, terms, or problems",Web,Closed with explanation,Yes,14
2024-09,Credit card,"Other features, terms, or problems",Web,Closed with monetary relief,Yes,2
2024-09,Credit card,"Other features, terms, or problems",Web,Closed with non-monetary relief,Yes,1
2024-09,Credit card,Problem when making payments,Web,Closed with explanation,Yes,7
2024-09,Credit card,Problem when making payments,Web,Closed with monetary relief,Yes,5
2024-09,Credit card,Problem when making payments,Web,Closed with non-monetary relief,Yes,1
2024-09,Credit card,Problem with a company's investigation into an existing problem,Web,Closed with explanation,Yes,1
2024-09,Credit card,Problem with a company's investigation into an existing problem,Web,Closed with monetary relief,Yes,1
2024-09,Credit card,Problem with a purchase shown on your statement,Web,Closed with explanation,No,1
2024-09,Credit card,Problem with a purchase shown on your statement,Web,Closed with explanation,Yes,34
2024-09,Credit card,Problem with a purchase shown on your statement,Web,Closed with monetary relief,Yes,20
2024-09,Credit card,Problem with a purchase shown on your statement,Web,Closed with non-monetary relief,Yes,2
2024-09,Credit card,Struggling to pay your bill,Web,Closed with explanation,Yes,2
2024-09,Credit card,Trouble using your card,Web,Closed with explanation,Yes,8
2024-09,Credit reporting or other personal consumer reports,Credit monitoring or identity theft protection services,Web,Closed with explanation,Yes,5
2024-09,Credit reporting or other personal consumer reports,Identity theft protection or other monitoring services,Web,Closed with explanation,Yes,3
2024-09,Credit reporting or other personal consumer reports,Improper use of your report,Web,Closed with explanation,No,2
2024-09,Credit reporting or other personal consumer reports,Improper use of your report,Web,Closed with explanation,Yes,540
2024-09,Credit reporting or other personal consumer reports,Improper use of your report,Web,Closed with non-monetary relief,Yes,439
2024-09,Credit reporting or other personal consumer reports,Incorrect information on your report,Web,Closed with explanation,No,1
2024-09,Credit reporting or other personal consumer reports,Incorrect information on your report,Web,Closed with explanation,Yes,1160
2024-09,Credit reporting or other personal consumer reports,Incorrect information on your report,Web,Closed with non-monetary relief,Yes,1190
2024-09,Credit reporting or other personal consumer reports,Incorrect information on your report,Web,Untimely response,No,1
2024-09,Credit reporting or other personal consumer reports,Problem with a company's investigation into an existing issue,Web,Closed with non-monetary relief,Yes,1
2024-09,Credit reporting or other personal consumer reports,Problem with a company's investigation into an existing problem,Web,Closed with explanation,No,1
2024-09,Credit reporting or other personal consumer reports,Problem with a company's investigation into an existing problem,Web,Closed with explanation,Yes,236
2024-09,Credit reporting or other personal consumer reports,Problem with a company's investigation into an existing problem,Web,Closed with non-monetary relief,Yes,232
2024-09,Credit reporting or other personal consumer reports,Problem with fraud alerts or security freezes,Web,Closed with explanation,Yes,17
2024-09,Credit reporting or other personal consumer reports,Problem with fraud alerts or security freezes,Web,Closed with non-monetary relief,Yes,5
2024-09,Credit reporting or other personal consumer reports,Unable to get your credit report or credit score,Web,Closed with explanation,Yes,12
2024-09,Credit reporting or other personal consumer reports,Unable to get your credit report or credit score,Web,Closed with non-monetary relief,Yes,5
2024-09,Debt collection,Attempts to collect debt not owed,Web,Closed with explanation,No,1
2024-09,Debt collection,Attempts to collect debt not owed,Web,Closed with explanation,Yes,102
2024-09,Debt collection,Attempts to collect debt not owed,Web,Closed with non-monetary relief,Yes,54
2024-09,Debt collection,Communication tactics,Web,Closed with explanation,Yes,7
2024-09,Debt collection,Communication tactics,Web,Closed with non-monetary relief,Yes,5
2024-09,Debt collection,Electronic communications,Web,Closed with explanation,Yes,4
2024-09,Debt collection,False statements or representation,Web,Closed with explanation,Yes,23
2024-09,Debt collection,False statements or representation,Web,Closed with monetary relief,Yes,3
2024-09,Debt collection,False statements or representation,Web,Closed with non-monetary relief,Yes,11
2024-09,Debt collection,Threatened to contact someone or share information improperly,Web,Closed with explanation,Yes,2
2024-09,Debt collection,Took or threatened to take negative or legal action,Web,Closed with explanation,Yes,17
2024-09,Debt collection,Took or threatened to take negative or legal action,Web,Closed with non-monetary relief,Yes,4
2024-09,Debt collection,Written notification about debt,Web,Closed with explanation,No,1
2024-09,Debt collection,Written notification about debt,Web,Closed with explanation,Yes,22
2024-09,Debt collection,Written notification about debt,Web,Closed with non-monetary relief,Yes,7
2024-09,Debt or credit management,Charged upfront or unexpected fees,Web,Closed with explanation,Yes,2
2024-09,Debt or credit management,Confusing or misleading advertising or marketing,Web,Closed with explanation,Yes,1
2024-09,Debt or credit management,Didn't provide services promised,Web,Closed with explanation,Yes,3
2024-09,"Money transfer, virtual currency, or money service",Confusing or missing disclosures,Web,Closed with explanation,Yes,3
2024-09,"Money transfer, virtual currency, or money service",Fraud or scam,Web,Closed with explanation,Yes,14
2024-09,"Money transfer, virtual currency, or money service",Fraud or scam,Web,Closed with monetary relief,Yes,2
2024-09,"Money transfer, virtual currency, or money service",Fraud or scam,Web,Closed with non-monetary relief,Yes,1
2024-09,"Money transfer, virtual currency, or money service","Managing, opening, or closing your mobile wallet account",Web,Closed with explanation,Yes,1
2024-09,"Money transfer, virtual currency, or money service",Money was not available when promised,Web,Closed with explanation,Yes,6
2024-09,"Money transfer, virtual currency, or money service",Money was not available when promised,Web,Closed with monetary relief,Yes,2
2024-09,"Money transfer, virtual currency, or money service",Other service problem,Web,Closed with explanation,Yes,1
2024-09,"Money transfer, virtual currency, or money service",Other transaction problem,Web,Closed with explanation,Yes,3
2024-09,"Money transfer, virtual currency, or money service",Problem adding money,Web,Closed with explanation,Yes,1
2024-09,"Money transfer, virtual currency, or money service",Trouble accessing funds in your mobile or digital wallet,Web,Closed with explanation,Yes,3
2024-09,"Money transfer, virtual currency, or money service",Trouble accessing funds in your mobile or digital wallet,Web,Closed with monetary relief,Yes,1
2024-09,"Money transfer, virtual currency, or money service",Trouble accessing funds in your mobile or digital wallet,Web,Closed with non-monetary relief,Yes,1
2024-09,"Money transfer, virtual currency, or money service",Unauthorized transactions or other transaction problem,Web,Closed with explanation,Yes,3
2024-09,"Money transfer, virtual currency, or money service",Unauthorized transactions or other transaction problem,Web,Closed with monetary relief,Yes,3
2024-09,"Money transfer, virtual currency, or money service",Unauthorized transactions or other transaction problem,Web,Closed with non-monetary relief,Yes,1
2024-09,"Money transfer, virtual currency, or money service",Unexpected or other fees,Web,Closed with explanation,Yes,2
2024-09,"Money transfer, virtual currency, or money service",Unexpected or other fees,Web,Closed with monetary relief,Yes,2
2024-09,Mortgage,Applying for a mortgage or refinancing an existing mortgage,Web,Closed with explanation,Yes,7
2024-09,Mortgage,Applying for a mortgage or refinancing an existing mortgage,Web,Closed with non-monetary relief,Yes,1
2024-09,Mortgage,Closing on a mortgage,Web,Closed with explanation,Yes,4
2024-09,Mortgage,Improper use of your report,Web,Closed with explanation,Yes,1
2024-09,Mortgage,Struggling to pay mortgage,Web,Closed with explanation,Yes,15
2024-09,Mortgage,Trouble during payment process,Web,Closed with explanation,Yes,20
2024-09,Mortgage,Trouble during payment process,Web,Closed with monetary relief,Yes,1
2024-09,Mortgage,Trouble during payment process,Web,Closed with non-monetary relief,Yes,1
2024-09,"Payday loan, title loan, personal loan, or advance loan",Charged fees or interest you didn't expect,Web,Closed with explanation,Yes,1
2024-09,"Payday loan, title loan, personal loan, or advance loan",Charged fees or interest you didn't expect,Web,Closed with non-monetary relief,Yes,1
2024-09,"Payday loan, title loan, personal loan, or advance loan",Getting a line of credit,Web,Closed with explanation,Yes,1
2024-09,"Payday loan, title loan, personal loan, or advance loan",Getting the loan,Web,Closed with explanation,No,1
2024-09,"Payday loan, title loan, personal loan, or advance loan",Getting the loan,Web,Closed with explanation,Yes,4
2024-09,"Payday loan, title loan, personal loan, or advance loan",Incorrect information on your report,Web,Closed with explanation,Yes,1
2024-09,"Payday loan, title loan, personal loan, or advance loan",Problem when making payments,Web,Closed with explanation,Yes,1
2024-09,"Payday loan, title loan, personal loan, or advance loan",Problem when making payments,Web,Closed with non-monetary relief,Yes,1
2024-09,"Payday loan, title loan, personal loan, or advance loan",Problem with the payoff process at the end of the loan,Web,Closed with explanation,Yes,2
2024-09,"Payday loan, title loan, personal loan, or advance loan",Problem with the payoff process at the end of the loan,Web,Closed with non-monetary relief,Yes,1
2024-09,"Payday loan, title loan, personal loan, or advance loan",Struggling to pay your loan,Web,Closed with explanation,Yes,2
2024-09,Prepaid card,Problem with a purchase or transfer,Web,Closed with explanation,Yes,2
2024-09,Prepaid card,Trouble using the card,Web,Closed with explanation,Yes,3
2024-09,Prepaid card,Trouble using the card,Web,Closed with monetary relief,Yes,1
2024-09,Prepaid card,Unexpected or other fees,Web,Closed with explanation,No,1
2024-09,Student loan,Dealing with your lender or servicer,Web,Closed with explanation,No,1
2024-09,Student loan,Dealing with your lender or servicer,Web,Closed with explanation,Yes,29
2024-09,Student loan,Getting a loan,Web,Closed with explanation,Yes,2
2024-09,Student loan,Incorrect information on your report,Web,Closed with explanation,Yes,1
2024-09,Student loan,Struggling to repay your loan,Web,Closed with explanation,No,1
2024-09,Student loan,Struggling to repay your loan,Web,Closed with explanation,Yes,7
2024-09,Student loan,Struggling to repay your loan,Web,Closed with non-monetary relief,Yes,1
2024-09,Vehicle loan or lease,Getting a loan or lease,Web,Closed with explanation,Yes,3
2024-09,Vehicle loan or lease,Incorrect information on your report,Web,Closed with explanation,Yes,5
2024-09,Vehicle loan or lease,Incorrect information on your report,Web,Closed with non-monetary relief,Yes,2
2024-09,Vehicle loan or lease,Managing the loan or lease,Web,Closed with explanation,Yes,8
2024-09,Vehicle loan or lease,Problems at the end of the loan or lease,Web,Closed with explanation,Yes,6
2024-09,Vehicle loan or lease,Problems at the end of the loan or lease,Web,Closed with monetary relief,Yes,1
2024-09,Vehicle loan or lease,Problems at the end of the loan or lease,Web,Closed with non-monetary relief,Yes,1
2024-09,Vehicle loan or lease,Repossession,Web,Closed with explanation,Yes,5
2024-09,Vehicle loan or lease,Repossession,Web,Closed with monetary relief,Yes,1
2024-10,Checking or savings account,Closing an account,Web,Closed with explanation,Yes,25
2024-10,Checking or savings account,Closing an account,Web,Closed with monetary relief,Yes,4
2024-10,Checking or savings account,Closing an account,Web,Closed with non-monetary relief,Yes,6
2024-10,Checking or savings account,Managing an account,Web,Closed with explanation,Yes,88
2024-10,Checking or savings account,Managing an account,Web,Closed with monetary relief,Yes,21
2024-10,Checking or savings account,Managing an account,Web,Closed with non-monetary relief,Yes,10
2024-10,Checking or savings account,Opening an account,Web,Closed with explanation,Yes,17
2024-10,Checking or savings account,Opening an account,Web,Closed with monetary relief,Yes,1
2024-10,Checking or savings account,Problem caused by your funds being low,Web,Closed with explanation,Yes,4
2024-10,Checking or savings account,Problem caused by your funds being low,Web,Closed with monetary relief,Yes,2
2024-10,Checking or savings account,Problem with a lender or other company charging your account,Web,Closed with explanation,Yes,17
2024-10,Checking or savings account,Problem with a lender or other company charging your account,Web,Closed with monetary relief,Yes,4
2024-10,Checking or savings account,Problem with a lender or other company charging your account,Web,Closed with non-monetary relief,Yes,2
2024-10,Credit card,"Advertising and marketing, including promotional offers",Web,Closed with explanation,Yes,6
2024-10,Credit card,"Advertising and marketing, including promotional offers",Web,Closed with monetary relief,Yes,1
2024-10,Credit card,"Advertising and marketing, including promotional offers",Web,Closed with non-monetary relief,Yes,1
2024-10,Credit card,Closing your account,Web,Closed with explanation,Yes,9
2024-10,Credit card,Closing your account,Web,Closed with non-monetary relief,Yes,1
2024-10,Credit card,Credit monitoring or identity theft protection services,Web,Closed with explanation,Yes,1
2024-10,Credit card,Fees or interest,Web,Closed with explanation,Yes,16
2024-10,Credit card,Fees or interest,Web,Closed with monetary relief,Yes,9
2024-10,Credit card,Fees or interest,Web,Closed with non-monetary relief,Yes,3
2024-10,Credit card,Getting a credit card,Web,Closed with explanation,Yes,16
2024-10,Credit card,Getting a credit card,Web,Closed with monetary relief,Yes,2
2024-10,Credit card,Getting a credit card,Web,Closed with non-monetary relief,Yes,8
2024-10,Credit card,Incorrect information on your report,Web,Closed with explanation,Yes,7
2024-10,Credit card,Incorrect information on your report,Web,Closed with monetary relief,Yes,1
2024-10,Credit card,Incorrect information on your report,Web,Closed with non-monetary relief,Yes,2
2024-10,Credit card,"Other features, terms, or problems",Web,Closed with explanation,Yes,9
2024-10,Credit card,"Other features, terms, or problems",Web,Closed with monetary relief,Yes,9
2024-10,Credit card,"Other features, terms, or problems",Web,Closed with non-monetary relief,Yes,1
2024-10,Credit card,Problem when making payments,Web,Closed with explanation,Yes,8
2024-10,Credit card,Problem when making payments,Web,Closed with monetary relief,Yes,6
2024-10,Credit card,Problem when making payments,Web,Closed with non-monetary relief,Yes,1
2024-10,Credit card,Problem with a purchase shown on your statement,Web,Closed with explanation,Yes,32
2024-10,Credit card,Problem with a purchase shown on your statement,Web,Closed with monetary relief,Yes,21
2024-10,Credit card,Problem with a purchase shown on your statement,Web,Closed with non-monetary relief,Yes,4
2024-10,Credit card,Struggling to pay your bill,Web,Closed with explanation,Yes,3
2024-10,Credit card,Trouble using your card,Web,Closed with explanation,Yes,3
2024-10,Credit reporting or other personal consumer reports,Credit monitoring or identity theft protection services,Web,Closed with explanation,Yes,7
2024-10,Credit reporting or other personal consumer reports,Credit monitoring or identity theft protection services,Web,Closed with monetary relief,Yes,1
2024-10,Credit reporting or other personal consumer reports,Credit monitoring or identity theft protection services,Web,Closed with non-monetary relief,Yes,2
2024-10,Credit reporting or other personal consumer reports,Identity theft protection or other monitoring services,Web,Closed with explanation,Yes,1
2024-10,Credit reporting or other personal consumer reports,Improper use of your report,Web,Closed with explanation,No,2
2024-10,Credit reporting or other personal consumer reports,Improper use of your report,Web,Closed with explanation,Yes,529
2024-10,Credit reporting or other personal consumer reports,Improper use of your report,Web,Closed with non-monetary relief,Yes,400
2024-10,Credit reporting or other personal consumer reports,Incorrect information on your report,Web,Closed with explanation,No,1
2024-10,Credit reporting or other personal consumer reports,Incorrect information on your report,Web,Closed with explanation,Yes,1196
2024-10,Credit reporting or other personal consumer reports,Incorrect information on your report,Web,Closed with monetary relief,Yes,1
2024-10,Credit reporting or other personal consumer reports,Incorrect information on your report,Web,Closed with non-monetary relief,Yes,1175
2024-10,Credit reporting or other personal consumer reports,Problem with a company's investigation into an existing issue,Web,Closed with explanation,Yes,1
2024-10,Credit reporting or other personal consumer reports,Problem with a company's investigation into an existing problem,Web,Closed with explanation,No,1
2024-10,Credit reporting or other personal consumer reports,Problem with a company's investigation into an existing problem,Web,Closed with explanation,Yes,308
2024-10,Credit reporting or other personal consumer reports,Problem with a company's investigation into an existing problem,Web,Closed with non-monetary relief,Yes,324
2024-10,Credit reporting or other personal consumer reports,Problem with fraud alerts or security freezes,Web,Closed with explanation,Yes,4
2024-10,Credit reporting or other personal consumer reports,Problem with fraud alerts or security freezes,Web,Closed with non-monetary relief,Yes,1
2024-10,Credit reporting or other personal consumer reports,Unable to get your credit report or credit score,Web,Closed with explanation,Yes,10
2024-10,Credit reporting or other personal consumer reports,Unable to get your credit report or credit score,Web,Closed with non-monetary relief,Yes,3
2024-10,Debt collection,Attempts to collect debt not owed,Web,Closed with explanation,Yes,132
2024-10,Debt collection,Attempts to collect debt not owed,Web,Closed with monetary relief,Yes,1
2024-10,Debt collection,Attempts to collect debt not owed,Web,Closed with non-monetary relief,Yes,59
2024-10,Debt collection,Communication tactics,Web,Closed with explanation,Yes,10
2024-10,Debt collection,Communication tactics,Web,Closed with non-monetary relief,Yes,10
2024-10,Debt collection,Electronic communications,Web,Closed with explanation,Yes,5
2024-10,Debt collection,False statements or representation,Web,Closed with explanation,Yes,25
2024-10,Debt collection,False statements or representation,Web,Closed with non-monetary relief,Yes,9
2024-10,Debt collection,Threatened to contact someone or share information improperly,Web,Closed with explanation,Yes,2
2024-10,Debt collection,Threatened to contact someone or share information improperly,Web,Closed with non-monetary relief,Yes,1
2024-10,Debt collection,Took or threatened to take negative or legal action,Web,Closed with explanation,Yes,19
2024-10,Debt collection,Took or threatened to take negative or legal action,Web,Closed with non-monetary relief,Yes,1
2024-10,Debt collection,Took or threatened to take negative or legal action,Web,Untimely response,No,1
2024-10,Debt collection,Written notification about debt,Web,Closed with explanation,Yes,36
2024-10,Debt collection,Written notification about debt,Web,Closed with monetary relief,Yes,1
2024-10,Debt collection,Written notification about debt,Web,Closed with non-monetary relief,Yes,3
2024-10,Debt or credit management,Confusing or misleading advertising or marketing,Web,Closed with explanation,Yes,2
2024-10,Debt or credit management,Didn't provide services promised,Web,Closed with explanation,Yes,2
2024-10,Debt or credit management,Problem with customer service,Web,Closed with non-monetary relief,Yes,1
2024-10,Debt or credit management,Unauthorized withdrawals or charges,Web,Closed with explanation,Yes,1
2024-10,"Money transfer, virtual currency, or money service",Confusing or missing disclosures,Web,Closed with explanation,Yes,1
2024-10,"Money transfer, virtual currency, or money service",Fraud or scam,Web,Closed with explanation,Yes,23
2024-10,"Money transfer, virtual currency, or money service",Fraud or scam,Web,Closed with monetary relief,Yes,3
2024-10,"Money transfer, virtual currency, or money service",Fraud or scam,Web,Closed with non-monetary relief,Yes,1
2024-10,"Money transfer, virtual currency, or money service","Managing, opening, or closing your mobile wallet account",Web,Closed with explanation,Yes,1
2024-10,"Money transfer, virtual currency, or money service",Money was not available when promised,Web,Closed with explanation,Yes,5
2024-10,"Money transfer, virtual currency, or money service",Other service problem,Web,Closed with explanation,Yes,1
2024-10,"Money transfer, virtual currency, or money service",Other service problem,Web,Closed with monetary relief,Yes,1
2024-10,"Money transfer, virtual currency, or money service",Other transaction problem,Web,Closed with explanation,Yes,11
2024-10,"Money transfer, virtual currency, or money service",Problem adding money,Web,Closed with explanation,Yes,1
2024-10,"Money transfer, virtual currency, or money service",Problem with customer service,Web,Closed with explanation,Yes,1
2024-10,"Money transfer, virtual currency, or money service",Trouble accessing funds in your mobile or digital wallet,Web,Closed with explanation,Yes,4
2024-10,"Money transfer, virtual currency, or money service",Trouble accessing funds in your mobile or digital wallet,Web,Closed with monetary relief,Yes,1
2024-10,"Money transfer, virtual currency, or money service",Unauthorized transactions or other transaction problem,Web,Closed with explanation,Yes,3
2024-10,"Money transfer, virtual currency, or money service",Unauthorized transactions or other transaction problem,Web,Closed with monetary relief,Yes,1
2024-10,"Money transfer, virtual currency, or money service",Unauthorized transactions or other transaction problem,Web,Closed with non-monetary relief,Yes,2
2024-10,"Money transfer, virtual currency, or money service",Wrong amount charged or received,Web,Closed with explanation,Yes,1
2024-10,Mortgage,Applying for a mortgage or refinancing an existing mortgage,Web,Closed with explanation,No,1
2024-10,Mortgage,Applying for a mortgage or refinancing an existing mortgage,Web,Closed with explanation,Yes,4
2024-10,Mortgage,Closing on a mortgage,Web,Closed with explanation,Yes,3
2024-10,Mortgage,Closing on a mortgage,Web,Closed with non-monetary relief,Yes,1
2024-10,Mortgage,Incorrect information on your report,Web,Closed with explanation,Yes,1
2024-10,Mortgage,Struggling to pay mortgage,Web,Closed with explanation,No,1
2024-10,Mortgage,Struggling to pay mortgage,Web,Closed with explanation,Yes,13
2024-10,Mortgage,Trouble during payment process,Web,Closed with explanation,Yes,20
2024-10,"Payday loan, title loan, personal loan, or advance loan",Can't contact lender or servicer,Web,Closed with explanation,Yes,1
2024-10,"Payday loan, title loan, personal loan, or advance loan",Charged fees or interest you didn't expect,Web,Closed with explanation,Yes,3
2024-10,"Payday loan, title loan, personal loan, or advance loan",Charged fees or interest you didn't expect,Web,Closed with monetary relief,Yes,1
2024-10,"Payday loan, title loan, personal loan, or advance loan",Getting a line of credit,Web,Closed with explanation,Yes,1
2024-10,"Payday loan, title loan, personal loan, or advance loan",Getting the loan,Web,Closed with explanation,Yes,5
2024-10,"Payday loan, title loan, personal loan, or advance loan",Incorrect information on your report,Web,Closed with non-monetary relief,Yes,1
2024-10,"Payday loan, title loan, personal loan, or advance loan",Money was taken from your bank account on the wrong day or for the wrong amount,Web,Closed with explanation,Yes,1
2024-10,"Payday loan, title loan, personal loan, or advance loan",Problem when making payments,Web,Closed with explanation,Yes,3
2024-10,"Payday loan, title loan, personal loan, or advance loan",Problem with additional add-on products or services,Web,Closed with explanation,Yes,1
2024-10,"Payday loan, title loan, personal loan, or advance loan",Problem with the payoff process at the end of the loan,Web,Closed with explanation,Yes,3
2024-10,"Payday loan, title loan, personal loan, or advance loan",Problem with the payoff process at the end of the loan,Web,Closed with monetary relief,Yes,1
2024-10,"Payday loan, title loan, personal loan, or advance loan",Received a loan you didn't apply for,Web,Closed with monetary relief,Yes,1
2024-10,"Payday loan, title loan, personal loan, or advance loan",Struggling to pay your loan,Web,Closed with explanation,Yes,2
2024-10,Prepaid card,Problem with a purchase or transfer,Web,Closed with explanation,No,1
2024-10,Prepaid card,Problem with a purchase or transfer,Web,Closed with explanation,Yes,2
2024-10,Prepaid card,Trouble using the card,Web,Closed with explanation,Yes,3
2024-10,Prepaid card,Trouble using the card,Web,Closed with monetary relief,Yes,5
2024-10,Prepaid card,Unexpected or other fees,Web,Closed with explanation,Yes,1
2024-10,Student loan,Dealing with your lender or servicer,Web,Closed with explanation,No,1
2024-10,Student loan,Dealing with your lender or servicer,Web,Closed with explanation,Yes,39
2024-10,Student loan,Issue where my lender is my school,Web,Closed with explanation,Yes,1
2024-10,Student loan,Issue with income share agreement,Web,Closed with explanation,Yes,1
2024-10,Student loan,Struggling to repay your loan,Web,Closed with explanation,Yes,7
2024-10,Vehicle loan or lease,Getting a loan or lease,Web,Closed with explanation,Yes,2
2024-10,Vehicle loan or lease,Getting a loan or lease,Web,Closed with monetary relief,Yes,1
2024-10,Vehicle loan or lease,Incorrect information on your report,Web,Closed with explanation,Yes,1
2024-10,Vehicle loan or lease,Incorrect information on your report,Web,Closed with non-monetary relief,Yes,2
2024-10,Vehicle loan or lease,Managing the loan or lease,Web,Closed with explanation,Yes,7
2024-10,Vehicle loan or lease,Managing the loan or lease,Web,Closed with monetary relief,Yes,2
2024-10,Vehicle loan or lease,Managing the loan or lease,Web,Closed with non-monetary relief,Yes,1
2024-10,Vehicle loan or lease,Problems at the end of the loan or lease,Web,Closed with explanation,Yes,3
2024-10,Vehicle loan or lease,Repossession,Web,Closed with explanation,Yes,6
2024-10,Vehicle loan or lease,Repossession,Web,Closed with monetary relief,Yes,1
2024-11,Checking or savings account,Closing an account,Web,Closed with explanation,Yes,19
2024-11,Checking or savings account,Closing an account,Web,Closed with monetary relief,Yes,2
2024-11,Checking or savings account,Closing an account,Web,Closed with non-monetary relief,Yes,3
2024-11,Checking or savings account,Managing an account,Web,Closed with explanation,Yes,80
2024-11,Checking or savings account,Managing an account,Web,Closed with monetary relief,Yes,18
2024-11,Checking or savings account,Managing an account,Web,Closed with non-monetary relief,Yes,5
2024-11,Checking or savings account,Managing an account,Web,Untimely response,No,1
2024-11,Checking or savings account,Opening an account,Web,Closed with explanation,Yes,11
2024-11,Checking or savings account,Opening an account,Web,Closed with monetary relief,Yes,4
2024-11,Checking or savings account,Opening an account,Web,Closed with non-monetary relief,Yes,7
2024-11,Checking or savings account,Problem caused by your funds being low,Web,Closed with explanation,Yes,8
2024-11,Checking or savings account,Problem caused by your funds being low,Web,Closed with monetary relief,Yes,9
2024-11,Checking or savings account,Problem with a company's investigation into an existing problem,Web,Closed with explanation,Yes,1
2024-11,Checking or savings account,Problem with a lender or other company charging your account,Web,Closed with explanation,Yes,8
2024-11,Checking or savings account,Problem with a lender or other company charging your account,Web,Closed with monetary relief,Yes,4
2024-11,Credit card,"Advertising and marketing, including promotional offers",Web,Closed with explanation,Yes,8
2024-11,Credit card,Closing your account,Web,Closed with explanation,Yes,20
2024-11,Credit card,Closing your account,Web,Closed with monetary relief,Yes,2
2024-11,Credit card,Closing your account,Web,Closed with non-monetary relief,Yes,4
2024-11,Credit card,Credit monitoring or identity theft protection services,Web,Closed with explanation,Yes,1
2024-11,Credit card,Fees or interest,Web,Closed with explanation,Yes,19
2024-11,Credit card,Fees or interest,Web,Closed with monetary relief,Yes,6
2024-11,Credit card,Fees or interest,Web,Closed with non-monetary relief,Yes,1
2024-11,Credit card,Getting a credit card,Web,Closed with explanation,Yes,21
2024-11,Credit card,Getting a credit card,Web,Closed with non-monetary relief,Yes,3
2024-11,Credit card,Improper use of your report,Web,Closed with explanation,Yes,1
2024-11,Credit card,Improper use of your report,Web,Closed with non-monetary relief,Yes,1
2024-11,Credit card,Incorrect information on your report,Web,Closed with explanation,Yes,11
2024-11,Credit card,Incorrect information on your report,Web,Closed with non-monetary relief,Yes,4
2024-11,Credit card,"Other features, terms, or problems",Web,Closed with explanation,Yes,11
2024-11,Credit card,"Other features, terms, or problems",Web,Closed with monetary relief,Yes,6
2024-11,Credit card,"Other features, terms, or problems",Web,Closed with non-monetary relief,Yes,5
2024-11,Credit card,Problem when making payments,Web,Closed with explanation,Yes,5
2024-11,Credit card,Problem when making payments,Web,Closed with monetary relief,Yes,2
2024-11,Credit card,Problem with a company's investigation into an existing problem,Web,Closed with explanation,Yes,5
2024-11,Credit card,Problem with a company's investigation into an existing problem,Web,Closed with non-monetary relief,Yes,2
2024-11,Credit card,Problem with a purchase shown on your statement,Web,Closed with explanation,Yes,36
2024-11,Credit card,Problem with a purchase shown on your statement,Web,Closed with monetary relief,Yes,29
2024-11,Credit card,Problem with a purchase shown on your statement,Web,Closed with non-monetary relief,Yes,4
2024-11,Credit card,Problem with fraud alerts or security freezes,Web,Closed with non-monetary relief,Yes,1
2024-11,Credit card,Struggling to pay your bill,Web,Closed with explanation,Yes,2
2024-11,Credit card,Struggling to pay your bill,Web,Closed with non-monetary relief,Yes,1
2024-11,Credit card,Trouble using your card,Web,Closed with explanation,Yes,8
2024-11,Credit card,Trouble using your card,Web,Closed with non-monetary relief,Yes,1
2024-11,Credit reporting or other personal consumer reports,Credit monitoring or identity theft protection services,Web,Closed with explanation,Yes,4
2024-11,Credit reporting or other personal consumer reports,Credit monitoring or identity theft protection services,Web,Closed with non-monetary relief,Yes,5
2024-11,Credit reporting or other personal consumer reports,Improper use of your report,Web,Closed with explanation,Yes,570
2024-11,Credit reporting or other personal consumer reports,Improper use of your report,Web,Closed with non-monetary relief,Yes,456
2024-11,Credit reporting or other personal consumer reports,Incorrect information on your report,Web,Closed with explanation,No,2
2024-11,Credit reporting or other personal consumer reports,Incorrect information on your report,Web,Closed with explanation,Yes,1227
2024-11,Credit reporting or other personal consumer reports,Incorrect information on your report,Web,Closed with monetary relief,Yes,2
2024-11,Credit reporting or other personal consumer reports,Incorrect information on your report,Web,Closed with non-monetary relief,Yes,1212
2024-11,Credit reporting or other personal consumer reports,Problem with a company's investigation into an existing problem,Web,Closed with explanation,Yes,302
2024-11,Credit reporting or other personal consumer reports,Problem with a company's investigation into an existing problem,Web,Closed with monetary relief,Yes,1
2024-11,Credit reporting or other personal consumer reports,Problem with a company's investigation into an existing problem,Web,Closed with non-monetary relief,Yes,306
2024-11,Credit reporting or other personal consumer reports,Problem with a company's investigation into an existing problem,Web,Untimely response,No,1
2024-11,Credit reporting or other personal consumer reports,Problem with fraud alerts or security freezes,Web,Closed with explanation,Yes,9
2024-11,Credit reporting or other personal consumer reports,Problem with fraud alerts or security freezes,Web,Closed with non-monetary relief,Yes,4
2024-11,Credit reporting or other personal consumer reports,Unable to get your credit report or credit score,Web,Closed with explanation,Yes,12
2024-11,Credit reporting or other personal consumer reports,Unable to get your credit report or credit score,Web,Closed with non-monetary relief,Yes,3
2024-11,Debt collection,Attempts to collect debt not owed,Web,Closed with explanation,No,3
2024-11,Debt collection,Attempts to collect debt not owed,Web,Closed with explanation,Yes,105
2024-11,Debt collection,Attempts to collect debt not owed,Web,Closed with monetary relief,Yes,1
2024-11,Debt collection,Attempts to collect debt not owed,Web,Closed with non-monetary relief,No,1
2024-11,Debt collection,Attempts to collect debt not owed,Web,Closed with non-monetary relief,Yes,42
2024-11,Debt collection,Communication tactics,Web,Closed with explanation,Yes,6
2024-11,Debt collection,Communication tactics,Web,Closed with non-monetary relief,Yes,4
2024-11,Debt collection,Electronic communications,Web,Closed with non-monetary relief,Yes,1
2024-11,Debt collection,False statements or representation,Web,Closed with explanation,No,1
2024-11,Debt collection,False statements or representation,Web,Closed with explanation,Yes,39
2024-11,Debt collection,False statements or representation,Web,Closed with non-monetary relief,Yes,7
2024-11,Debt collection,Threatened to contact someone or share information improperly,Web,Closed with explanation,Yes,1
2024-11,Debt collection,Took or threatened to take negative or legal action,Web,Closed with explanation,No,1
2024-11,Debt collection,Took or threatened to take negative or legal action,Web,Closed with explanation,Yes,15
2024-11,Debt collection,Took or threatened to take negative or legal action,Web,Closed with non-monetary relief,Yes,2
2024-11,Debt collection,Took or threatened to take negative or legal action,Web,Untimely response,No,1
2024-11,Debt collection,Written notification about debt,Web,Closed with explanation,Yes,28
2024-11,Debt collection,Written notification about debt,Web,Closed with non-monetary relief,Yes,10
2024-11,Debt collection,Written notification about debt,Web,Untimely response,No,1
2024-11,Debt or credit management,Charged upfront or unexpected fees,Web,Untimely response,No,1
2024-11,Debt or credit management,Confusing or misleading advertising or marketing,Web,Closed with explanation,Yes,3
2024-11,Debt or credit management,Didn't provide services promised,Web,Closed with explanation,Yes,1
2024-11,"Money transfer, virtual currency, or money service",Confusing or missing disclosures,Web,Closed with explanation,Yes,3
2024-11,"Money transfer, virtual currency, or money service",Fraud or scam,Web,Closed with explanation,Yes,22
2024-11,"Money transfer, virtual currency, or money service","Managing, opening, or closing your mobile wallet account",Web,Closed with explanation,Yes,2
2024-11,"Money transfer, virtual currency, or money service",Money was not available when promised,Web,Closed with explanation,Yes,6
2024-11,"Money transfer, virtual currency, or money service",Other service problem,Web,Closed with explanation,Yes,4
2024-11,"Money transfer, virtual currency, or money service",Other transaction problem,Web,Closed with explanation,No,1
2024-11,"Money transfer, virtual currency, or money service",Other transaction problem,Web,Closed with explanation,Yes,10
2024-11,"Money transfer, virtual currency, or money service",Other transaction problem,Web,Closed with monetary relief,Yes,2
2024-11,"Money transfer, virtual currency, or money service",Other transaction problem,Web,Closed with non-monetary relief,Yes,1
2024-11,"Money transfer, virtual currency, or money service",Problem with customer service,Web,Closed with explanation,Yes,4
2024-11,"Money transfer, virtual currency, or money service",Problem with customer service,Web,Closed with non-monetary relief,Yes,1
2024-11,"Money transfer, virtual currency, or money service",Trouble accessing funds in your mobile or digital wallet,Web,Closed with explanation,Yes,3
2024-11,"Money transfer, virtual currency, or money service",Trouble accessing funds in your mobile or digital wallet,Web,Closed with non-monetary relief,Yes,1
2024-11,"Money transfer, virtual currency, or money service",Unauthorized transactions or other transaction problem,Web,Closed with explanation,Yes,3
2024-11,"Money transfer, virtual currency, or money service",Unauthorized transactions or other transaction problem,Web,Closed with monetary relief,Yes,1
2024-11,"Money transfer, virtual currency, or money service",Wrong amount charged or received,Web,Closed with explanation,Yes,1
2024-11,Mortgage,Applying for a mortgage or refinancing an existing mortgage,Web,Closed with explanation,Yes,4
2024-11,Mortgage,Struggling to pay mortgage,Web,Closed with explanation,Yes,18
2024-11,Mortgage,Trouble during payment process,Web,Closed with explanation,Yes,25
2024-11,Mortgage,Trouble during payment process,Web,Closed with monetary relief,Yes,2
2024-11,Mortgage,Trouble during payment process,Web,Closed with non-monetary relief,Yes,2
2024-11,"Payday loan, title loan, personal loan, or advance loan",Charged fees or interest you didn't expect,Web,Closed with explanation,No,1
2024-11,"Payday loan, title loan, personal loan, or advance loan",Charged fees or interest you didn't expect,Web,Closed with explanation,Yes,4
2024-11,"Payday loan, title loan, personal loan, or advance loan",Problem when making payments,Web,Closed with explanation,Yes,6
2024-11,"Payday loan, title loan, personal loan, or advance loan",Problem with a company's investigation into an existing problem,Web,Closed with explanation,Yes,2
2024-11,"Payday loan, title loan, personal loan, or advance loan",Problem with additional add-on products or services,Web,Closed with explanation,Yes,1
2024-11,"Payday loan, title loan, personal loan, or advance loan",Problem with the payoff process at the end of the loan,Web,Closed with explanation,Yes,1
2024-11,"Payday loan, title loan, personal loan, or advance loan",Problem with the payoff process at the end of the loan,Web,Closed with non-monetary relief,Yes,1
2024-11,"Payday loan, title loan, personal loan, or advance loan",Struggling to pay your loan,Web,Closed with explanation,Yes,1
2024-11,Prepaid card,Problem with a purchase or transfer,Web,Closed with explanation,Yes,1
2024-11,Prepaid card,Problem with a purchase or transfer,Web,Closed with monetary relief,Yes,1
2024-11,Prepaid card,Trouble using the card,Web,Closed with explanation,Yes,8
2024-11,Prepaid card,Trouble using the card,Web,Closed with monetary relief,Yes,3
2024-11,Prepaid card,Unexpected or other fees,Web,Closed with explanation,Yes,1
2024-11,Student loan,Dealing with your lender or servicer,Web,Closed with explanation,No,1
2024-11,Student loan,Dealing with your lender or servicer,Web,Closed with explanation,Yes,22
2024-11,Student loan,Dealing with your lender or servicer,Web,Closed with monetary relief,Yes,2
2024-11,Student loan,Getting a loan,Web,Closed with explanation,Yes,2
2024-11,Student loan,Incorrect information on your report,Web,Closed with explanation,Yes,1
2024-11,Student loan,Struggling to repay your loan,Web,Closed with explanation,Yes,6
2024-11,Vehicle loan or lease,Getting a loan or lease,Web,Closed with explanation,Yes,4
2024-11,Vehicle loan or lease,Getting a loan or lease,Web,Closed with non-monetary relief,Yes,1
2024-11,Vehicle loan or lease,Incorrect information on your report,Web,Closed with explanation,Yes,4
2024-11,Vehicle loan or lease,Incorrect information on your report,Web,Closed with non-monetary relief,Yes,2
2024-11,Vehicle loan or lease,Managing the loan or lease,Web,Closed with explanation,Yes,7
2024-11,Vehicle loan or lease,Problem with a company's investigation into an existing problem,Web,Closed with explanation,Yes,1
2024-11,Vehicle loan or lease,Problems at the end of the loan or lease,Web,Closed with explanation,Yes,3
2024-11,Vehicle loan or lease,Repossession,Web,Closed with explanation,Yes,11
2024-11,Vehicle loan or lease,Repossession,Web,Closed with monetary relief,Yes,2
2024-11,Vehicle loan or lease,Struggling to pay your loan,Web,Closed with explanation,Yes,1
2024-12,Checking or savings account,Closing an account,Web,Closed with explanation,Yes,30
2024-12,Checking or savings account,Closing an account,Web,Closed with monetary relief,Yes,4
2024-12,Checking or savings account,Closing an account,Web,Closed with non-monetary relief,Yes,5
2024-12,Checking or savings account,Managing an account,Web,Closed with explanation,Yes,95
2024-12,Checking or savings account,Managing an account,Web,Closed with monetary relief,Yes,16
2024-12,Checking or savings account,Managing an account,Web,Closed with non-monetary relief,Yes,10
2024-12,Checking or savings account,Opening an account,Web,Closed with explanation,Yes,26
2024-12,Checking or savings account,Opening an account,Web,Closed with monetary relief,Yes,1
2024-12,Checking or savings account,Opening an account,Web,Closed with non-monetary relief,Yes,1
2024-12,Checking or savings account,Problem caused by your funds being low,Web,Closed with explanation,Yes,7
2024-12,Checking or savings account,Problem caused by your funds being low,Web,Closed with monetary relief,Yes,5
2024-12,Checking or savings account,Problem with a company's investigation into an existing problem,Web,Closed with explanation,Yes,1
2024-12,Checking or savings account,Problem with a lender or other company charging your account,Web,Closed with explanation,Yes,15
2024-12,Checking or savings account,Problem with a lender or other company charging your account,Web,Closed with monetary relief,Yes,9
2024-12,Credit card,"Advertising and marketing, including promotional offers",Web,Closed with explanation,Yes,3
2024-12,Credit card,"Advertising and marketing, including promotional offers",Web,Closed with monetary relief,Yes,2
2024-12,Credit card,"Advertising and marketing, including promotional offers",Web,Closed with non-monetary relief,Yes,1
2024-12,Credit card,Closing your account,Web,Closed with explanation,Yes,13
2024-12,Credit card,Closing your account,Web,Closed with monetary relief,Yes,1
2024-12,Credit card,Closing your account,Web,Closed with non-monetary relief,Yes,1
2024-12,Credit card,Credit monitoring or identity theft protection services,Web,Closed with explanation,Yes,1
2024-12,Credit card,Fees or interest,Web,Closed with explanation,Yes,12
2024-12,Credit card,Fees or interest,Web,Closed with monetary relief,Yes,8
2024-12,Credit card,Getting a credit card,Web,Closed with explanation,Yes,14
2024-12,Credit card,Getting a credit card,Web,Closed with non-monetary relief,Yes,3
2024-12,Credit card,Improper use of your report,Web,Closed with explanation,Yes,1
2024-12,Credit card,Improper use of your report,Web,Closed with non-monetary relief,Yes,1
2024-12,Credit card,Incorrect information on your report,Web,Closed with explanation,Yes,5
2024-12,Credit card,Incorrect information on your report,Web,Closed with non-monetary relief,Yes,2
2024-12,Credit card,"Other features, terms, or problems",Web,Closed with explanation,Yes,14
2024-12,Credit card,"Other features, terms, or problems",Web,Closed with monetary relief,Yes,5
2024-12,Credit card,"Other features, terms, or problems",Web,Closed with non-monetary relief,Yes,5
2024-12,Credit card,Problem when making payments,Web,Closed with explanation,Yes,4
2024-12,Credit card,Problem when making payments,Web,Closed with monetary relief,Yes,4
2024-12,Credit card,Problem when making payments,Web,Closed with non-monetary relief,Yes,1
2024-12,Credit card,Problem with a company's investigation into an existing problem,Web,Closed with explanation,Yes,4
2024-12,Credit card,Problem with a purchase shown on your statement,Web,Closed with explanation,Yes,51
2024-12,Credit card,Problem with a purchase shown on your statement,Web,Closed with monetary relief,Yes,19
2024-12,Credit card,Problem with a purchase shown on your statement,Web,Closed with non-monetary relief,Yes,1
2024-12,Credit card,Struggling to pay your bill,Web,Closed with explanation,Yes,1
2024-12,Credit card,Struggling to pay your bill,Web,Closed with monetary relief,Yes,1
2024-12,Credit card,Trouble using your card,Web,Closed with explanation,Yes,12
2024-12,Credit card,Trouble using your card,Web,Closed with monetary relief,Yes,1
2024-12,Credit card,Trouble using your card,Web,Closed with non-monetary relief,Yes,2
2024-12,Credit reporting or other personal consumer reports,Credit monitoring or identity theft protection services,Web,Closed with explanation,Yes,6
2024-12,Credit reporting or other personal consumer reports,Credit monitoring or identity theft protection services,Web,Closed with non-monetary relief,Yes,3
2024-12,Credit reporting or other personal consumer reports,Identity theft protection or other monitoring services,Web,Closed with explanation,Yes,1
2024-12,Credit reporting or other personal consumer reports,Improper use of your report,Web,Closed with explanation,Yes,598
2024-12,Credit reporting or other personal consumer reports,Improper use of your report,Web,Closed with monetary relief,Yes,2
2024-12,Credit reporting or other personal consumer reports,Improper use of your report,Web,Closed with non-monetary relief,Yes,533
2024-12,Credit reporting or other personal consumer reports,Improper use of your report,Web,Untimely response,No,1
2024-12,Credit reporting or other personal consumer reports,Incorrect information on your report,Web,Closed with explanation,No,1
2024-12,Credit reporting or other personal consumer reports,Incorrect information on your report,Web,Closed with explanation,Yes,1231
2024-12,Credit reporting or other personal consumer reports,Incorrect information on your report,Web,Closed with monetary relief,Yes,1
2024-12,Credit reporting or other personal consumer reports,Incorrect information on your report,Web,Closed with non-monetary relief,Yes,1129
2024-12,Credit reporting or other personal consumer reports,Problem with a company's investigation into an existing issue,Web,Closed with explanation,Yes,5
2024-12,Credit reporting or other personal consumer reports,Problem with a company's investigation into an existing problem,Web,Closed with explanation,Yes,230
2024-12,Credit reporting or other personal consumer reports,Problem with a company's investigation into an existing problem,Web,Closed with monetary relief,Yes,1
2024-12,Credit reporting or other personal consumer reports,Problem with a company's investigation into an existing problem,Web,Closed with non-monetary relief,Yes,297
2024-12,Credit reporting or other personal consumer reports,Problem with fraud alerts or security freezes,Web,Closed with explanation,Yes,9
2024-12,Credit reporting or other personal consumer reports,Problem with fraud alerts or security freezes,Web,Closed with non-monetary relief,Yes,4
2024-12,Credit reporting or other personal consumer reports,Unable to get your credit report or credit score,Web,Closed with explanation,Yes,15
2024-12,Credit reporting or other personal consumer reports,Unable to get your credit report or credit score,Web,Closed with non-monetary relief,Yes,3
2024-12,Debt collection,Attempts to collect debt not owed,Web,Closed with explanation,Yes,117
2024-12,Debt collection,Attempts to collect debt not owed,Web,Closed with monetary relief,Yes,1
2024-12,Debt collection,Attempts to collect debt not owed,Web,Closed with non-monetary relief,Yes,36
2024-12,Debt collection,Communication tactics,Web,Closed with explanation,Yes,7
2024-12,Debt collection,Communication tactics,Web,Closed with non-monetary relief,Yes,4
2024-12,Debt collection,Electronic communications,Web,Closed with explanation,Yes,5
2024-12,Debt collection,False statements or representation,Web,Closed with explanation,Yes,28
2024-12,Debt collection,False statements or representation,Web,Closed with non-monetary relief,Yes,4
2024-12,Debt collection,False statements or representation,Web,Untimely response,No,1
2024-12,Debt collection,Threatened to contact someone or share information improperly,Web,Closed with explanation,Yes,1
2024-12,Debt collection,Threatened to contact someone or share information improperly,Web,Closed with non-monetary relief,Yes,2
2024-12,Debt collection,Took or threatened to take negative or legal action,Web,Closed with explanation,Yes,10
2024-12,Debt collection,Took or threatened to take negative or legal action,Web,Closed with monetary relief,Yes,1
2024-12,Debt collection,Took or threatened to take negative or legal action,Web,Closed with non-monetary relief,Yes,1
2024-12,Debt collection,Written notification about debt,Web,Closed with explanation,Yes,14
2024-12,Debt collection,Written notification about debt,Web,Closed with non-monetary relief,Yes,4
2024-12,Debt or credit management,Charged upfront or unexpected fees,Web,Closed with explanation,Yes,3
2024-12,Debt or credit management,Confusing or misleading advertising or marketing,Web,Closed with explanation,Yes,1
2024-12,Debt or credit management,Confusing or misleading advertising or marketing,Web,Closed with non-monetary relief,Yes,2
2024-12,Debt or credit management,Didn't provide services promised,Web,Closed with explanation,Yes,4
2024-12,Debt or credit management,Unauthorized withdrawals or charges,Web,Closed with explanation,Yes,2
2024-12,"Money transfer, virtual currency, or money service",Confusing or misleading advertising or marketing,Web,Closed with explanation,Yes,1
2024-12,"Money transfer, virtual currency, or money service",Confusing or missing disclosures,Web,Closed with explanation,Yes,2
2024-12,"Money transfer, virtual currency, or money service",Confusing or missing disclosures,Web,Closed with monetary relief,Yes,1
2024-12,"Money transfer, virtual currency, or money service",Fraud or scam,Web,Closed with explanation,Yes,29
2024-12,"Money transfer, virtual currency, or money service",Fraud or scam,Web,Closed with monetary relief,Yes,5
2024-12,"Money transfer, virtual currency, or money service",Fraud or scam,Web,Closed with non-monetary relief,Yes,1
2024-12,"Money transfer, virtual currency, or money service",Lost or stolen money order,Web,Closed with explanation,Yes,1
2024-12,"Money transfer, virtual currency, or money service",Money was not available when promised,Web,Closed with explanation,Yes,7
2024-12,"Money transfer, virtual currency, or money service",Other service problem,Web,Closed with explanation,Yes,2
2024-12,"Money transfer, virtual currency, or money service",Other service problem,Web,Closed with monetary relief,Yes,2
2024-12,"Money transfer, virtual currency, or money service",Other transaction problem,Web,Closed with explanation,Yes,10
2024-12,"Money transfer, virtual currency, or money service",Problem with customer service,Web,Closed with explanation,Yes,2
2024-12,"Money transfer, virtual currency, or money service",Problem with customer service,Web,Closed with non-monetary relief,Yes,2
2024-12,"Money transfer, virtual currency, or money service",Trouble accessing funds in your mobile or digital wallet,Web,Closed with explanation,Yes,2
2024-12,"Money transfer, virtual currency, or money service",Unauthorized transactions or other transaction problem,Web,Closed with explanation,Yes,7
2024-12,Mortgage,Applying for a mortgage or refinancing an existing mortgage,Web,Closed with explanation,Yes,5
2024-12,Mortgage,Closing on a mortgage,Web,Closed with explanation,Yes,3
2024-12,Mortgage,Incorrect information on your report,Web,Closed with explanation,Yes,1
2024-12,Mortgage,Struggling to pay mortgage,Web,Closed with explanation,Yes,12
2024-12,Mortgage,Trouble during payment process,Web,Closed with explanation,Yes,41
2024-12,Mortgage,Trouble during payment process,Web,Closed with monetary relief,Yes,1
2024-12,"Payday loan, title loan, personal loan, or advance loan",Can't contact lender or servicer,Web,Closed with explanation,Yes,1
2024-12,"Payday loan, title loan, personal loan, or advance loan",Charged fees or interest you didn't expect,Web,Closed with explanation,Yes,2
2024-12,"Payday loan, title loan, personal loan, or advance loan",Getting the loan,Web,Closed with explanation,Yes,1
2024-12,"Payday loan, title loan, personal loan, or advance loan",Problem when making payments,Web,Closed with explanation,Yes,1
2024-12,"Payday loan, title loan, personal loan, or advance loan",Problem with a company's investigation into an existing problem,Web,Closed with explanation,Yes,1
2024-12,"Payday loan, title loan, personal loan, or advance loan",Problem with additional add-on products or services,Web,Closed with explanation,Yes,1
2024-12,Prepaid card,Problem getting a card or closing an account,Web,Closed with explanation,No,1
2024-12,Prepaid card,Problem getting a card or closing an account,Web,Closed with explanation,Yes,1
2024-12,Prepaid card,Problem with a purchase or transfer,Web,Closed with explanation,No,1
2024-12,Prepaid card,Problem with a purchase or transfer,Web,Closed with explanation,Yes,1
2024-12,Prepaid card,Problem with a purchase or transfer,Web,Closed with non-monetary relief,Yes,1
2024-12,Prepaid card,Trouble using the card,Web,Closed with explanation,No,3
2024-12,Prepaid card,Trouble using the card,Web,Closed with explanation,Yes,12
2024-12,Prepaid card,Trouble using the card,Web,Closed with monetary relief,Yes,7
2024-12,Prepaid card,Trouble using the card,Web,Closed with non-monetary relief,Yes,1
2024-12,Student loan,Dealing with your lender or servicer,Web,Closed with explanation,No,1
2024-12,Student loan,Dealing with your lender or servicer,Web,Closed with explanation,Yes,35
2024-12,Student loan,Dealing with your lender or servicer,Web,Untimely response,No,1
2024-12,Student loan,Incorrect information on your report,Web,Closed with explanation,Yes,2
2024-12,Student loan,Incorrect information on your report,Web,Untimely response,No,1
2024-12,Student loan,Struggling to repay your loan,Web,Closed with explanation,Yes,8
2024-12,Vehicle loan or lease,Credit monitoring or identity theft protection services,Web,Closed with explanation,Yes,2
2024-12,Vehicle loan or lease,Getting a loan or lease,Web,Closed with explanation,Yes,2
2024-12,Vehicle loan or lease,Managing the loan or lease,Web,Closed with explanation,Yes,7
2024-12,Vehicle loan or lease,Problem with a company's investigation into an existing problem,Web,Closed with explanation,Yes,3
2024-12,Vehicle loan or lease,Problems at the end of the loan or lease,Web,Closed with explanation,Yes,5
2024-12,Vehicle loan or lease,Repossession,Web,Closed with explanation,Yes,7
2024-12,Vehicle loan or lease,Struggling to pay your loan,Web,Closed with explanation,Yes,2
2025-01,Checking or savings account,Closing an account,Web,Closed with explanation,Yes,39
2025-01,Checking or savings account,Closing an account,Web,Closed with monetary relief,Yes,6
2025-01,Checking or savings account,Closing an account,Web,Closed with non-monetary relief,Yes,3
2025-01,Checking or savings account,Incorrect information on your report,Web,Closed with explanation,Yes,1
2025-01,Checking or savings account,Managing an account,Web,Closed with explanation,Yes,520
2025-01,Checking or savings account,Managing an account,Web,Closed with monetary relief,Yes,26
2025-01,Checking or savings account,Managing an account,Web,Closed with non-monetary relief,Yes,13
2025-01,Checking or savings account,Opening an account,Web,Closed with explanation,Yes,16
2025-01,Checking or savings account,Opening an account,Web,Closed with monetary relief,No,1
2025-01,Checking or savings account,Opening an account,Web,Closed with monetary relief,Yes,1
2025-01,Checking or savings account,Opening an account,Web,Closed with non-monetary relief,Yes,2
2025-01,Checking or savings account,Problem caused by your funds being low,Web,Closed with explanation,Yes,109
2025-01,Checking or savings account,Problem caused by your funds being low,Web,Closed with monetary relief,Yes,3
2025-01,Checking or savings account,Problem with a lender or other company charging your account,Web,Closed with explanation,Yes,51
2025-01,Checking or savings account,Problem with a lender or other company charging your account,Web,Closed with monetary relief,Yes,5
2025-01,Checking or savings account,Problem with a lender or other company charging your account,Web,Closed with non-monetary relief,Yes,1
2025-01,Credit card,"Advertising and marketing, including promotional offers",Web,Closed with explanation,No,1
2025-01,Credit card,"Advertising and marketing, including promotional offers",Web,Closed with explanation,Yes,6
2025-01,Credit card,"Advertising and marketing, including promotional offers",Web,Closed with monetary relief,Yes,5
2025-01,Credit card,"Advertising and marketing, including promotional offers",Web,Closed with non-monetary relief,Yes,4
2025-01,Credit card,Closing your account,Web,Closed with explanation,Yes,29
2025-01,Credit card,Closing your account,Web,Closed with monetary relief,Yes,1
2025-01,Credit card,Closing your account,Web,Closed with non-monetary relief,Yes,7
2025-01,Credit card,Credit monitoring or identity theft protection services,Web,Closed with explanation,Yes,1
2025-01,Credit card,Fees or interest,Web,Closed with explanation,Yes,26
2025-01,Credit card,Fees or interest,Web,Closed with monetary relief,Yes,11
2025-01,Credit card,Fees or interest,Web,Closed with non-monetary relief,Yes,1
2025-01,Credit card,Getting a credit card,Web,Closed with explanation,Yes,20
2025-01,Credit card,Getting a credit card,Web,Closed with monetary relief,Yes,2
2025-01,Credit card,Getting a credit card,Web,Closed with non-monetary relief,Yes,6
2025-01,Credit card,Incorrect information on your report,Web,Closed with explanation,Yes,6
2025-01,Credit card,Incorrect information on your report,Web,Closed with non-monetary relief,Yes,3
2025-01,Credit card,"Other features, terms, or problems",Web,Closed with explanation,Yes,24
2025-01,Credit card,"Other features, terms, or problems",Web,Closed with monetary relief,Yes,10
2025-01,Credit card,"Other features, terms, or problems",Web,Closed with non-monetary relief,Yes,2
2025-01,Credit card,Problem when making payments,Web,Closed with explanation,Yes,11
2025-01,Credit card,Problem when making payments,Web,Closed with monetary relief,Yes,1
2025-01,Credit card,Problem with a company's investigation into an existing problem,Web,Closed with explanation,Yes,4
2025-01,Credit card,Problem with a company's investigation into an existing problem,Web,Closed with non-monetary relief,Yes,2
2025-01,Credit card,Problem with a purchase shown on your statement,Web,Closed with explanation,No,1
2025-01,Credit card,Problem with a purchase shown on your statement,Web,Closed with explanation,Yes,40
2025-01,Credit card,Problem with a purchase shown on your statement,Web,Closed with monetary relief,Yes,29
2025-01,Credit card,Problem with a purchase shown on your statement,Web,Closed with non-monetary relief,Yes,6
2025-01,Credit card,Trouble using your card,Web,Closed with explanation,No,1
2025-01,Credit card,Trouble using your card,Web,Closed with explanation,Yes,9
2025-01,Credit card,Trouble using your card,Web,Closed with non-monetary relief,Yes,2
2025-01,Credit card,Unable to get your credit report or credit score,Web,Closed with explanation,Yes,1
2025-01,Credit reporting or other personal consumer reports,Credit monitoring or identity theft protection services,Web,Closed with explanation,Yes,17
2025-01,Credit reporting or other personal consumer reports,Credit monitoring or identity theft protection services,Web,Closed with non-monetary relief,Yes,4
2025-01,Credit reporting or other personal consumer reports,Identity theft protection or other monitoring services,Web,Closed with explanation,No,1
2025-01,Credit reporting or other personal consumer reports,Identity theft protection or other monitoring services,Web,Closed with explanation,Yes,1
2025-01,Credit reporting or other personal consumer reports,Improper use of your report,Web,Closed with explanation,Yes,894
2025-01,Credit reporting or other personal consumer reports,Improper use of your report,Web,Closed with monetary relief,Yes,1
2025-01,Credit reporting or other personal consumer reports,Improper use of your report,Web,Closed with non-monetary relief,Yes,649
2025-01,Credit reporting or other personal consumer reports,Improper use of your report,Web,Untimely response,No,3
2025-01,Credit reporting or other personal consumer reports,Incorrect information on your report,Web,Closed with explanation,No,1
2025-01,Credit reporting or other personal consumer reports,Incorrect information on your report,Web,Closed with explanation,Yes,1507
2025-01,Credit reporting or other personal consumer reports,Incorrect information on your report,Web,Closed with monetary relief,Yes,3
2025-01,Credit reporting or other personal consumer reports,Incorrect information on your report,Web,Closed with non-monetary relief,No,1
2025-01,Credit reporting or other personal consumer reports,Incorrect information on your report,Web,Closed with non-monetary relief,Yes,1439
2025-01,Credit reporting or other personal consumer reports,Problem with a company's investigation into an existing issue,Web,Closed with explanation,Yes,6
2025-01,Credit reporting or other personal consumer reports,Problem with a company's investigation into an existing issue,Web,Closed with non-monetary relief,Yes,1
2025-01,Credit reporting or other personal consumer reports,Problem with a company's investigation into an existing problem,Web,Closed with explanation,No,1
2025-01,Credit reporting or other personal consumer reports,Problem with a company's investigation into an existing problem,Web,Closed with explanation,Yes,665
2025-01,Credit reporting or other personal consumer reports,Problem with a company's investigation into an existing problem,Web,Closed with monetary relief,Yes,2
2025-01,Credit reporting or other personal consumer reports,Problem with a company's investigation into an existing problem,Web,Closed with non-monetary relief,Yes,387
2025-01,Credit reporting or other personal consumer reports,Problem with fraud alerts or security freezes,Web,Closed with explanation,Yes,12
2025-01,Credit reporting or other personal consumer reports,Problem with fraud alerts or security freezes,Web,Closed with non-monetary relief,Yes,1
2025-01,Credit reporting or other personal consumer reports,Unable to get your credit report or credit score,Web,Closed with explanation,Yes,15
2025-01,Credit reporting or other personal consumer reports,Unable to get your credit report or credit score,Web,Closed with non-monetary relief,Yes,7
2025-01,Debt collection,Attempts to collect debt not owed,Web,Closed with explanation,No,2
2025-01,Debt collection,Attempts to collect debt not owed,Web,Closed with explanation,Yes,137
2025-01,Debt collection,Attempts to collect debt not owed,Web,Closed with non-monetary relief,No,1
2025-01,Debt collection,Attempts to collect debt not owed,Web,Closed with non-monetary relief,Yes,62
2025-01,Debt collection,Attempts to collect debt not owed,Web,Untimely response,No,1
2025-01,Debt collection,Communication tactics,Web,Closed with explanation,Yes,17
2025-01,Debt collection,Communication tactics,Web,Closed with non-monetary relief,No,1
2025-01,Debt collection,Communication tactics,Web,Closed with non-monetary relief,Yes,11
2025-01,Debt collection,Electronic communications,Web,Closed with explanation,Yes,2
2025-01,Debt collection,Electronic communications,Web,Closed with non-monetary relief,Yes,1
2025-01,Debt collection,False statements or representation,Web,Closed with explanation,No,1
2025-01,Debt collection,False statements or representation,Web,Closed with explanation,Yes,35
2025-01,Debt collection,False statements or representation,Web,Closed with monetary relief,Yes,1
2025-01,Debt collection,False statements or representation,Web,Closed with non-monetary relief,Yes,8
2025-01,Debt collection,False statements or representation,Web,Untimely response,No,1
2025-01,Debt collection,Threatened to contact someone or share information improperly,Web,Closed with explanation,No,1
2025-01,Debt collection,Threatened to contact someone or share information improperly,Web,Closed with explanation,Yes,4
2025-01,Debt collection,Threatened to contact someone or share information improperly,Web,Closed with non-monetary relief,Yes,3
2025-01,Debt collection,Took or threatened to take negative or legal action,Web,Closed with explanation,Yes,27
2025-01,Debt collection,Took or threatened to take negative or legal action,Web,Closed with non-monetary relief,Yes,5
2025-01,Debt collection,Written notification about debt,Web,Closed with explanation,No,1
2025-01,Debt collection,Written notification about debt,Web,Closed with explanation,Yes,44
2025-01,Debt collection,Written notification about debt,Web,Closed with non-monetary relief,Yes,18
2025-01,Debt collection,Written notification about debt,Web,Untimely response,No,1
2025-01,Debt or credit management,Charged upfront or unexpected fees,Web,Closed with explanation,Yes,3
2025-01,Debt or credit management,Charged upfront or unexpected fees,Web,Closed with non-monetary relief,Yes,1
2025-01,Debt or credit management,Confusing or misleading advertising or marketing,Web,Closed with explanation,Yes,3
2025-01,Debt or credit management,Confusing or misleading advertising or marketing,Web,Untimely response,No,1
2025-01,Debt or credit management,Confusing or missing disclosures,Web,Closed with explanation,Yes,2
2025-01,Debt or credit management,Didn't provide services promised,Web,Closed with explanation,Yes,5
2025-01,Debt or credit management,Didn't provide services promised,Web,Untimely response,No,1
2025-01,Debt or credit management,Problem with customer service,Web,Closed with explanation,Yes,1
2025-01,Debt or credit management,Unauthorized withdrawals or charges,Web,Closed with non-monetary relief,Yes,1
2025-01,"Money transfer, virtual currency, or money service",Confusing or misleading advertising or marketing,Web,Closed with explanation,Yes,2
2025-01,"Money transfer, virtual currency, or money service",Confusing or missing disclosures,Web,Closed with explanation,Yes,41
2025-01,"Money transfer, virtual currency, or money service",Fraud or scam,Web,Closed with explanation,Yes,126
2025-01,"Money transfer, virtual currency, or money service",Fraud or scam,Web,Closed with monetary relief,Yes,4
2025-01,"Money transfer, virtual currency, or money service",Fraud or scam,Web,Untimely response,No,1
2025-01,"Money transfer, virtual currency, or money service",Lost or stolen money order,Web,Closed with explanation,Yes,1
2025-01,"Money transfer, virtual currency, or money service","Managing, opening, or closing your mobile wallet account",Web,Closed with explanation,Yes,4
2025-01,"Money transfer, virtual currency, or money service",Money was not available when promised,Web,Closed with explanation,Yes,8
2025-01,"Money transfer, virtual currency, or money service",Money was not available when promised,Web,Closed with monetary relief,Yes,1
2025-01,"Money transfer, virtual currency, or money service",Other service problem,Web,Closed with explanation,Yes,49
2025-01,"Money transfer, virtual currency, or money service",Other transaction problem,Web,Closed with explanation,Yes,2244
2025-01,"Money transfer, virtual currency, or money service",Other transaction problem,Web,Closed with non-monetary relief,Yes,1
2025-01,"Money transfer, virtual currency, or money service",Problem with customer service,Web,Closed with explanation,Yes,1
2025-01,"Money transfer, virtual currency, or money service",Trouble accessing funds in your mobile or digital wallet,Web,Closed with explanation,Yes,11
2025-01,"Money transfer, virtual currency, or money service",Trouble accessing funds in your mobile or digital wallet,Web,Closed with monetary relief,Yes,2
2025-01,"Money transfer, virtual currency, or money service",Unauthorized transactions or other transaction problem,Web,Closed with explanation,Yes,57
2025-01,"Money transfer, virtual currency, or money service",Unauthorized transactions or other transaction problem,Web,Closed with non-monetary relief,No,1
2025-01,"Money transfer, virtual currency, or money service",Unauthorized transactions or other transaction problem,Web,Closed with non-monetary relief,Yes,1
2025-01,"Money transfer, virtual currency, or money service",Unexpected or other fees,Web,Closed with explanation,Yes,6
2025-01,"Money transfer, virtual currency, or money service",Unexpected or other fees,Web,Closed with monetary relief,Yes,1
2025-01,"Money transfer, virtual currency, or money service",Wrong amount charged or received,Web,Closed with explanation,Yes,8
2025-01,"Money transfer, virtual currency, or money service",Wrong amount charged or received,Web,Untimely response,No,1
2025-01,Mortgage,Applying for a mortgage or refinancing an existing mortgage,Web,Closed with explanation,Yes,1
2025-01,Mortgage,Closing on a mortgage,Web,Closed with explanation,Yes,3
2025-01,Mortgage,Credit monitoring or identity theft protection services,Web,Closed with explanation,Yes,1
2025-01,Mortgage,Incorrect information on your report,Web,Closed with explanation,Yes,1
2025-01,Mortgage,Struggling to pay mortgage,Web,Closed with explanation,Yes,17
2025-01,Mortgage,Trouble during payment process,Web,Closed with explanation,Yes,33
2025-01,Mortgage,Trouble during payment process,Web,Closed with monetary relief,Yes,1
2025-01,Mortgage,Trouble during payment process,Web,Closed with non-monetary relief,Yes,1
2025-01,"Payday loan, title loan, personal loan, or advance loan",Charged fees or interest you didn't expect,Web,Closed with explanation,Yes,7
2025-01,"Payday loan, title loan, personal loan, or advance loan",Getting the loan,Web,Closed with explanation,No,1
2025-01,"Payday loan, title loan, personal loan, or advance loan",Getting the loan,Web,Closed with explanation,Yes,5
2025-01,"Payday loan, title loan, personal loan, or advance loan",Improper use of your report,Web,Closed with explanation,Yes,1
2025-01,"Payday loan, title loan, personal loan, or advance loan",Problem when making payments,Web,Closed with explanation,Yes,2
2025-01,"Payday loan, title loan, personal loan, or advance loan",Problem with additional add-on products or services,Web,Closed with monetary relief,Yes,1
2025-01,"Payday loan, title loan, personal loan, or advance loan",Problem with the payoff process at the end of the loan,Web,Closed with explanation,Yes,3
2025-01,Prepaid card,Problem getting a card or closing an account,Web,Closed with explanation,Yes,2
2025-01,Prepaid card,Problem with a purchase or transfer,Web,Closed with explanation,Yes,3
2025-01,Prepaid card,Problem with a purchase or transfer,Web,Closed with monetary relief,Yes,1
2025-01,Prepaid card,Trouble using the card,Web,Closed with explanation,No,2
2025-01,Prepaid card,Trouble using the card,Web,Closed with explanation,Yes,13
2025-01,Prepaid card,Trouble using the card,Web,Closed with monetary relief,Yes,10
2025-01,Prepaid card,Unexpected or other fees,Web,Closed with explanation,Yes,3
2025-01,Student loan,Dealing with your lender or servicer,Web,Closed with explanation,No,1
2025-01,Student loan,Dealing with your lender or servicer,Web,Closed with explanation,Yes,50
2025-01,Student loan,Dealing with your lender or servicer,Web,Untimely response,No,3
2025-01,Student loan,Getting a loan,Web,Closed with explanation,Yes,2
2025-01,Student loan,Improper use of your report,Web,Closed with explanation,Yes,1
2025-01,Student loan,Incorrect information on your report,Web,Closed with explanation,Yes,2
2025-01,Student loan,Struggling to repay your loan,Web,Closed with explanation,Yes,24
2025-01,Student loan,Struggling to repay your loan,Web,Untimely response,No,4
2025-01,Vehicle loan or lease,Credit monitoring or identity theft protection services,Web,Closed with explanation,Yes,1
2025-01,Vehicle loan or lease,Getting a loan or lease,Web,Closed with explanation,Yes,13
2025-01,Vehicle loan or lease,Improper use of your report,Web,Closed with explanation,Yes,1
2025-01,Vehicle loan or lease,Incorrect information on your report,Web,Closed with explanation,Yes,2
2025-01,Vehicle loan or lease,Incorrect information on your report,Web,Closed with non-monetary relief,Yes,1
2025-01,Vehicle loan or lease,Managing the loan or lease,Web,Closed with explanation,Yes,14
2025-01,Vehicle loan or lease,Problem with a company's investigation into an existing problem,Web,Closed with explanation,Yes,2
2025-01,Vehicle loan or lease,Problems at the end of the loan or lease,Web,Closed with explanation,Yes,4
2025-01,Vehicle loan or lease,Problems at the end of the loan or lease,Web,Closed with monetary relief,Yes,1
2025-01,Vehicle loan or lease,Problems at the end of the loan or lease,Web,Closed with non-monetary relief,Yes,1
2025-01,Vehicle loan or lease,Repossession,Web,Closed with explanation,Yes,15
2025-01,Vehicle loan or lease,Repossession,Web,Closed with monetary relief,Yes,1
2025-01,Vehicle loan or lease,Repossession,Web,Closed with non-monetary relief,Yes,4
2025-01,Vehicle loan or lease,Struggling to pay your loan,Web,Closed with explanation,Yes,1
2025-01,Vehicle loan or lease,Struggling to pay your loan,Web,Closed with non-monetary relief,Yes,1
2025-02,Checking or savings account,Closing an account,Web,Closed with explanation,Yes,30
2025-02,Checking or savings account,Closing an account,Web,Closed with monetary relief,Yes,5
2025-02,Checking or savings account,Closing an account,Web,Closed with non-monetary relief,Yes,2
2025-02,Checking or savings account,Incorrect information on your report,Web,Closed with explanation,Yes,1
2025-02,Checking or savings account,Managing an account,Web,Closed with explanation,No,1
2025-02,Checking or savings account,Managing an account,Web,Closed with explanation,Yes,106
2025-02,Checking or savings account,Managing an account,Web,Closed with monetary relief,Yes,19
2025-02,Checking or savings account,Managing an account,Web,Closed with non-monetary relief,Yes,8
2025-02,Checking or savings account,Opening an account,Web,Closed with explanation,No,1
2025-02,Checking or savings account,Opening an account,Web,Closed with explanation,Yes,14
2025-02,Checking or savings account,Opening an account,Web,Closed with non-monetary relief,Yes,1
2025-02,Checking or savings account,Problem caused by your funds being low,Web,Closed with explanation,Yes,12
2025-02,Checking or savings account,Problem caused by your funds being low,Web,Closed with monetary relief,Yes,2
2025-02,Checking or savings account,Problem with a company's investigation into an existing problem,Web,Closed with explanation,Yes,1
2025-02,Checking or savings account,Problem with a lender or other company charging your account,Web,Closed with explanation,Yes,13
2025-02,Checking or savings account,Problem with a lender or other company charging your account,Web,Closed with monetary relief,Yes,7
2025-02,Credit card,"Advertising and marketing, including promotional offers",Web,Closed with explanation,Yes,4
2025-02,Credit card,"Advertising and marketing, including promotional offers",Web,Closed with non-monetary relief,Yes,2
2025-02,Credit card,Closing your account,Web,Closed with explanation,Yes,14
2025-02,Credit card,Closing your account,Web,Closed with non-monetary relief,Yes,2
2025-02,Credit card,Fees or interest,Web,Closed with explanation,Yes,22
2025-02,Credit card,Fees or interest,Web,Closed with monetary relief,Yes,7
2025-02,Credit card,Fees or interest,Web,Closed with non-monetary relief,Yes,2
2025-02,Credit card,Getting a credit card,Web,Closed with explanation,Yes,12
2025-02,Credit card,Getting a credit card,Web,Closed with monetary relief,Yes,1
2025-02,Credit card,Getting a credit card,Web,Closed with non-monetary relief,Yes,7
2025-02,Credit card,Improper use of your report,Web,Closed with non-monetary relief,Yes,1
2025-02,Credit card,Incorrect information on your report,Web,Closed with explanation,Yes,6
2025-02,Credit card,Incorrect information on your report,Web,Closed with non-monetary relief,Yes,1
2025-02,Credit card,"Other features, terms, or problems",Web,Closed with explanation,Yes,19
2025-02,Credit card,"Other features, terms, or problems",Web,Closed with monetary relief,Yes,9
2025-02,Credit card,"Other features, terms, or problems",Web,Closed with non-monetary relief,Yes,1
2025-02,Credit card,Problem when making payments,Web,Closed with explanation,Yes,2
2025-02,Credit card,Problem when making payments,Web,Closed with monetary relief,Yes,3
2025-02,Credit card,Problem when making payments,Web,Closed with non-monetary relief,Yes,1
2025-02,Credit card,Problem with a company's investigation into an existing problem,Web,Closed with explanation,Yes,5
2025-02,Credit card,Problem with a company's investigation into an existing problem,Web,Closed with non-monetary relief,Yes,1
2025-02,Credit card,Problem with a purchase shown on your statement,Web,Closed with explanation,Yes,39
2025-02,Credit card,Problem with a purchase shown on your statement,Web,Closed with monetary relief,Yes,26
2025-02,Credit card,Problem with a purchase shown on your statement,Web,Closed with non-monetary relief,Yes,3
2025-02,Credit card,Struggling to pay your bill,Web,Closed with explanation,Yes,2
2025-02,Credit card,Trouble using your card,Web,Closed with explanation,Yes,3
2025-02,Credit card,Trouble using your card,Web,Closed with non-monetary relief,Yes,1
2025-02,Credit card,Unable to get your credit report or credit score,Web,Closed with explanation,Yes,1
2025-02,Credit reporting or other personal consumer reports,Credit monitoring or identity theft protection services,Web,Closed with explanation,Yes,8
2025-02,Credit reporting or other personal consumer reports,Credit monitoring or identity theft protection services,Web,Closed with non-monetary relief,Yes,3
2025-02,Credit reporting or other personal consumer reports,Improper use of your report,Web,Closed with explanation,No,2
2025-02,Credit reporting or other personal consumer reports,Improper use of your report,Web,Closed with explanation,Yes,689
2025-02,Credit reporting or other personal consumer reports,Improper use of your report,Web,Closed with non-monetary relief,Yes,488
2025-02,Credit reporting or other personal consumer reports,Improper use of your report,Web,Untimely response,No,4
2025-02,Credit reporting or other personal consumer reports,Incorrect information on your report,Web,Closed with explanation,No,1
2025-02,Credit reporting or other personal consumer reports,Incorrect information on your report,Web,Closed with explanation,Yes,1032
2025-02,Credit reporting or other personal consumer reports,Incorrect information on your report,Web,Closed with non-monetary relief,Yes,1073
2025-02,Credit reporting or other personal consumer reports,Problem with a company's investigation into an existing issue,Web,Closed with explanation,Yes,1
2025-02,Credit reporting or other personal consumer reports,Problem with a company's investigation into an existing problem,Web,Closed with explanation,Yes,411
2025-02,Credit reporting or other personal consumer reports,Problem with a company's investigation into an existing problem,Web,Closed with non-monetary relief,Yes,293
2025-02,Credit reporting or other personal consumer reports,Problem with a company's investigation into an existing problem,Web,Untimely response,No,1
2025-02,Credit reporting or other personal consumer reports,Problem with fraud alerts or security freezes,Web,Closed with explanation,Yes,6
2025-02,Credit reporting or other personal consumer reports,Problem with fraud alerts or security freezes,Web,Closed with non-monetary relief,Yes,2
2025-02,Credit reporting or other personal consumer reports,Unable to get your credit report or credit score,Web,Closed with explanation,Yes,11
2025-02,Credit reporting or other personal consumer reports,Unable to get your credit report or credit score,Web,Closed with non-monetary relief,Yes,3
2025-02,Debt collection,Attempts to collect debt not owed,Web,Closed with explanation,No,1
2025-02,Debt collection,Attempts to collect debt not owed,Web,Closed with explanation,Yes,109
2025-02,Debt collection,Attempts to collect debt not owed,Web,Closed with non-monetary relief,No,2
2025-02,Debt collection,Attempts to collect debt not owed,Web,Closed with non-monetary relief,Yes,40
2025-02,Debt collection,Attempts to collect debt not owed,Web,Untimely response,No,1
2025-02,Debt collection,Communication tactics,Web,Closed with explanation,Yes,16
2025-02,Debt collection,Communication tactics,Web,Closed with non-monetary relief,Yes,6
2025-02,Debt collection,Electronic communications,Web,Closed with explanation,Yes,5
2025-02,Debt collection,Electronic communications,Web,Closed with non-monetary relief,Yes,2
2025-02,Debt collection,False statements or representation,Web,Closed with explanation,No,1
2025-02,Debt collection,False statements or representation,Web,Closed with explanation,Yes,19
2025-02,Debt collection,False statements or representation,Web,Closed with monetary relief,Yes,1
2025-02,Debt collection,False statements or representation,Web,Closed with non-monetary relief,Yes,6
2025-02,Debt collection,Threatened to contact someone or share information improperly,Web,Closed with explanation,Yes,5
2025-02,Debt collection,Threatened to contact someone or share information improperly,Web,Closed with non-monetary relief,Yes,1
2025-02,Debt collection,Took or threatened to take negative or legal action,Web,Closed with explanation,No,2
2025-02,Debt collection,Took or threatened to take negative or legal action,Web,Closed with explanation,Yes,12
2025-02,Debt collection,Took or threatened to take negative or legal action,Web,Closed with monetary relief,Yes,1
2025-02,Debt collection,Took or threatened to take negative or legal action,Web,Closed with non-monetary relief,Yes,1
2025-02,Debt collection,Written notification about debt,Web,Closed with explanation,Yes,30
2025-02,Debt collection,Written notification about debt,Web,Closed with non-monetary relief,No,1
2025-02,Debt collection,Written notification about debt,Web,Closed with non-monetary relief,Yes,3
2025-02,Debt or credit management,Charged upfront or unexpected fees,Web,Closed with explanation,Yes,1
2025-02,Debt or credit management,Charged upfront or unexpected fees,Web,Closed with monetary relief,Yes,1
2025-02,Debt or credit management,Confusing or misleading advertising or marketing,Web,Closed with explanation,Yes,2
2025-02,Debt or credit management,Confusing or misleading advertising or marketing,Web,Closed with non-monetary relief,Yes,1
2025-02,Debt or credit management,Confusing or missing disclosures,Web,Closed with explanation,Yes,1
2025-02,Debt or credit management,Confusing or missing disclosures,Web,Closed with non-monetary relief,Yes,2
2025-02,Debt or credit management,Didn't provide services promised,Web,Closed with explanation,Yes,3
2025-02,Debt or credit management,Problem with customer service,Web,Closed with explanation,Yes,2
2025-02,"Money transfer, virtual currency, or money service",Confusing or missing disclosures,Web,Closed with explanation,Yes,6
2025-02,"Money transfer, virtual currency, or money service",Fraud or scam,Web,Closed with explanation,Yes,36
2025-02,"Money transfer, virtual currency, or money service",Incorrect exchange rate,Web,Closed with explanation,Yes,1
2025-02,"Money transfer, virtual currency, or money service",Lost or stolen money order,Web,Closed with explanation,Yes,1
2025-02,"Money transfer, virtual currency, or money service",Money was not available when promised,Web,Closed with explanation,Yes,3
2025-02,"Money transfer, virtual currency, or money service",Money was not available when promised,Web,Closed with monetary relief,Yes,2
2025-02,"Money transfer, virtual currency, or money service",Other service problem,Web,Closed with explanation,Yes,8
2025-02,"Money transfer, virtual currency, or money service",Other transaction problem,Web,Closed with explanation,Yes,165
2025-02,"Money transfer, virtual currency, or money service",Other transaction problem,Web,Closed with monetary relief,Yes,1
2025-02,"Money transfer, virtual currency, or money service",Other transaction problem,Web,Untimely response,No,1
2025-02,"Money transfer, virtual currency, or money service",Problem with customer service,Web,Closed with explanation,Yes,2
2025-02,"Money transfer, virtual currency, or money service",Problem with customer service,Web,Closed with non-monetary relief,Yes,1
2025-02,"Money transfer, virtual currency, or money service",Trouble accessing funds in your mobile or digital wallet,Web,Closed with explanation,Yes,3
2025-02,"Money transfer, virtual currency, or money service",Trouble accessing funds in your mobile or digital wallet,Web,Closed with monetary relief,Yes,1
2025-02,"Money transfer, virtual currency, or money service",Trouble accessing funds in your mobile or digital wallet,Web,Closed with non-monetary relief,Yes,1
2025-02,"Money transfer, virtual currency, or money service",Unauthorized transactions or other transaction problem,Web,Closed with explanation,Yes,17
2025-02,"Money transfer, virtual currency, or money service",Unauthorized transactions or other transaction problem,Web,Closed with non-monetary relief,Yes,1
2025-02,"Money transfer, virtual currency, or money service",Unexpected or other fees,Web,Closed with explanation,Yes,1
2025-02,Mortgage,Applying for a mortgage or refinancing an existing mortgage,Web,Closed with explanation,No,1
2025-02,Mortgage,Applying for a mortgage or refinancing an existing mortgage,Web,Closed with explanation,Yes,3
2025-02,Mortgage,Closing on a mortgage,Web,Closed with explanation,Yes,4
2025-02,Mortgage,Incorrect information on your report,Web,Closed with explanation,Yes,1
2025-02,Mortgage,Problem with a company's investigation into an existing problem,Web,Closed with explanation,Yes,2
2025-02,Mortgage,Struggling to pay mortgage,Web,Closed with explanation,Yes,10
2025-02,Mortgage,Trouble during payment process,Web,Closed with explanation,Yes,37
2025-02,Mortgage,Trouble during payment process,Web,Untimely response,No,1
2025-02,"Payday loan, title loan, personal loan, or advance loan",Charged fees or interest you didn't expect,Web,Closed with explanation,Yes,5
2025-02,"Payday loan, title loan, personal loan, or advance loan",Charged fees or interest you didn't expect,Web,Closed with monetary relief,Yes,1
2025-02,"Payday loan, title loan, personal loan, or advance loan",Getting a line of credit,Web,Closed with explanation,Yes,1
2025-02,"Payday loan, title loan, personal loan, or advance loan",Getting a line of credit,Web,Closed with monetary relief,Yes,1
2025-02,"Payday loan, title loan, personal loan, or advance loan",Getting the loan,Web,Closed with explanation,Yes,2
2025-02,"Payday loan, title loan, personal loan, or advance loan",Issues with repayment,Web,Closed with explanation,Yes,1
2025-02,"Payday loan, title loan, personal loan, or advance loan",Problem with additional add-on products or services,Web,Closed with explanation,Yes,4
2025-02,"Payday loan, title loan, personal loan, or advance loan",Problem with the payoff process at the end of the loan,Web,Closed with explanation,Yes,4
2025-02,"Payday loan, title loan, personal loan, or advance loan",Struggling to pay your loan,Web,Closed with explanation,Yes,1
2025-02,"Payday loan, title loan, personal loan, or advance loan",Vehicle was repossessed or sold the vehicle,Web,Closed with explanation,Yes,1
2025-02,Prepaid card,Problem getting a card or closing an account,Web,Closed with explanation,Yes,2
2025-02,Prepaid card,Problem getting a card or closing an account,Web,Closed with non-monetary relief,Yes,1
2025-02,Prepaid card,Problem with a purchase or transfer,Web,Closed with explanation,Yes,4
2025-02,Prepaid card,Trouble using the card,Web,Closed with explanation,Yes,4
2025-02,Prepaid card,Trouble using the card,Web,Closed with monetary relief,Yes,6
2025-02,Prepaid card,Trouble using the card,Web,Closed with non-monetary relief,Yes,1
2025-02,Student loan,Dealing with your lender or servicer,Web,Closed with explanation,Yes,26
2025-02,Student loan,Dealing with your lender or servicer,Web,Untimely response,No,3
2025-02,Student loan,Getting a loan,Web,Closed with explanation,Yes,1
2025-02,Student loan,Improper use of your report,Web,Closed with explanation,Yes,5
2025-02,Student loan,Improper use of your report,Web,Closed with non-monetary relief,Yes,1
2025-02,Student loan,Improper use of your report,Web,Untimely response,No,2
2025-02,Student loan,Incorrect information on your report,Web,Closed with explanation,Yes,2
2025-02,Student loan,Problem with a company's investigation into an existing problem,Web,Closed with explanation,Yes,1
2025-02,Student loan,Problem with fraud alerts or security freezes,Web,Untimely response,No,1
2025-02,Student loan,Struggling to repay your loan,Web,Closed with explanation,No,2
2025-02,Student loan,Struggling to repay your loan,Web,Closed with explanation,Yes,19
2025-02,Student loan,Struggling to repay your loan,Web,Closed with non-monetary relief,Yes,1
2025-02,Vehicle loan or lease,Getting a loan or lease,Web,Closed with explanation,Yes,8
2025-02,Vehicle loan or lease,Improper use of your report,Web,Closed with explanation,Yes,3
2025-02,Vehicle loan or lease,Incorrect information on your report,Web,Closed with explanation,Yes,3
2025-02,Vehicle loan or lease,Managing the loan or lease,Web,Closed with explanation,Yes,12
2025-02,Vehicle loan or lease,Problem with a company's investigation into an existing problem,Web,Closed with explanation,Yes,1
2025-02,Vehicle loan or lease,Problems at the end of the loan or lease,Web,Closed with explanation,Yes,4
2025-02,Vehicle loan or lease,Repossession,Web,Closed with explanation,Yes,6
2025-02,Vehicle loan or lease,Struggling to pay your loan,Web,Closed with explanation,Yes,2
2025-03,Checking or savings account,Closing an account,Web,Closed with explanation,Yes,53
2025-03,Checking or savings account,Closing an account,Web,Closed with monetary relief,Yes,1
2025-03,Checking or savings account,Closing an account,Web,Closed with non-monetary relief,Yes,6
2025-03,Checking or savings account,Incorrect information on your report,Web,Closed with explanation,Yes,1
2025-03,Checking or savings account,Incorrect information on your report,Web,Closed with non-monetary relief,Yes,1
2025-03,Checking or savings account,Managing an account,Web,Closed with explanation,Yes,93
2025-03,Checking or savings account,Managing an account,Web,Closed with monetary relief,Yes,13
2025-03,Checking or savings account,Managing an account,Web,Closed with non-monetary relief,Yes,8
2025-03,Checking or savings account,Opening an account,Web,Closed with explanation,Yes,11
2025-03,Checking or savings account,Opening an account,Web,Closed with monetary relief,Yes,2
2025-03,Checking or savings account,Opening an account,Web,Closed with non-monetary relief,Yes,1
2025-03,Checking or savings account,Problem caused by your funds being low,Web,Closed with explanation,Yes,6
2025-03,Checking or savings account,Problem caused by your funds being low,Web,Closed with monetary relief,Yes,6
2025-03,Checking or savings account,Problem caused by your funds being low,Web,Closed with non-monetary relief,Yes,1
2025-03,Checking or savings account,Problem with a lender or other company charging your account,Web,Closed with explanation,Yes,25
2025-03,Checking or savings account,Problem with a lender or other company charging your account,Web,Closed with monetary relief,Yes,5
2025-03,Checking or savings account,Problem with a lender or other company charging your account,Web,Closed with non-monetary relief,Yes,1
2025-03,Credit card,"Advertising and marketing, including promotional offers",Web,Closed with explanation,Yes,9
2025-03,Credit card,"Advertising and marketing, including promotional offers",Web,Closed with monetary relief,Yes,2
2025-03,Credit card,Closing your account,Web,Closed with explanation,Yes,14
2025-03,Credit card,Closing your account,Web,Closed with non-monetary relief,Yes,4
2025-03,Credit card,Credit monitoring or identity theft protection services,Web,Closed with explanation,Yes,1
2025-03,Credit card,Fees or interest,Web,Closed with explanation,Yes,20
2025-03,Credit card,Fees or interest,Web,Closed with monetary relief,Yes,6
2025-03,Credit card,Fees or interest,Web,Closed with non-monetary relief,Yes,1
2025-03,Credit card,Getting a credit card,Web,Closed with explanation,Yes,9
2025-03,Credit card,Getting a credit card,Web,Closed with monetary relief,Yes,1
2025-03,Credit card,Getting a credit card,Web,Closed with non-monetary relief,Yes,6
2025-03,Credit card,Improper use of your report,Web,Closed with explanation,Yes,3
2025-03,Credit card,Incorrect information on your report,Web,Closed with explanation,Yes,7
2025-03,Credit card,Incorrect information on your report,Web,Closed with non-monetary relief,Yes,2
2025-03,Credit card,"Other features, terms, or problems",Web,Closed with explanation,Yes,24
2025-03,Credit card,"Other features, terms, or problems",Web,Closed with monetary relief,Yes,8
2025-03,Credit card,"Other features, terms, or problems",Web,Closed with non-monetary relief,Yes,5
2025-03,Credit card,Problem when making payments,Web,Closed with explanation,Yes,7
2025-03,Credit card,Problem when making payments,Web,Closed with monetary relief,Yes,3
2025-03,Credit card,Problem when making payments,Web,Closed with non-monetary relief,Yes,1
2025-03,Credit card,Problem with a company's investigation into an existing problem,Web,Closed with explanation,Yes,2
2025-03,Credit card,Problem with a company's investigation into an existing problem,Web,Closed with monetary relief,Yes,2
2025-03,Credit card,Problem with a company's investigation into an existing problem,Web,Closed with non-monetary relief,Yes,1
2025-03,Credit card,Problem with a purchase shown on your statement,Web,Closed with explanation,Yes,47
2025-03,Credit card,Problem with a purchase shown on your statement,Web,Closed with monetary relief,Yes,22
2025-03,Credit card,Problem with a purchase shown on your statement,Web,Closed with non-monetary relief,Yes,6
2025-03,Credit card,Trouble using your card,Web,Closed with explanation,Yes,9
2025-03,Credit reporting or other personal consumer reports,Credit monitoring or identity theft protection services,Web,Closed with explanation,No,1
2025-03,Credit reporting or other personal consumer reports,Credit monitoring or identity theft protection services,Web,Closed with explanation,Yes,30
2025-03,Credit reporting or other personal consumer reports,Credit monitoring or identity theft protection services,Web,Closed with monetary relief,Yes,4
2025-03,Credit reporting or other personal consumer reports,Credit monitoring or identity theft protection services,Web,Closed with non-monetary relief,Yes,5
2025-03,Credit reporting or other personal consumer reports,Credit monitoring or identity theft protection services,Web,Untimely response,No,1
2025-03,Credit reporting or other personal consumer reports,Identity theft protection or other monitoring services,Web,Closed with explanation,Yes,2
2025-03,Credit reporting or other personal consumer reports,Improper use of your report,Web,Closed with explanation,No,2
2025-03,Credit reporting or other personal consumer reports,Improper use of your report,Web,Closed with explanation,Yes,642
2025-03,Credit reporting or other personal consumer reports,Improper use of your report,Web,Closed with non-monetary relief,Yes,488
2025-03,Credit reporting or other personal consumer reports,Improper use of your report,Web,Untimely response,No,6
2025-03,Credit reporting or other personal consumer reports,Incorrect information on your report,Web,Closed with explanation,No,2
2025-03,Credit reporting or other personal consumer reports,Incorrect information on your report,Web,Closed with explanation,Yes,1407
2025-03,Credit reporting or other personal consumer reports,Incorrect information on your report,Web,Closed with non-monetary relief,Yes,1446
2025-03,Credit reporting or other personal consumer reports,Incorrect information on your report,Web,Untimely response,No,4
2025-03,Credit reporting or other personal consumer reports,Problem with a company's investigation into an existing issue,Web,Closed with explanation,Yes,2
2025-03,Credit reporting or other personal consumer reports,Problem with a company's investigation into an existing issue,Web,Closed with non-monetary relief,Yes,2
2025-03,Credit reporting or other personal consumer reports,Problem with a company's investigation into an existing problem,Web,Closed with explanation,No,1
2025-03,Credit reporting or other personal consumer reports,Problem with a company's investigation into an existing problem,Web,Closed with explanation,Yes,374
2025-03,Credit reporting or other personal consumer reports,Problem with a company's investigation into an existing problem,Web,Closed with monetary relief,Yes,1
2025-03,Credit reporting or other personal consumer reports,Problem with a company's investigation into an existing problem,Web,Closed with non-monetary relief,Yes,356
2025-03,Credit reporting or other personal consumer reports,Problem with a company's investigation into an existing problem,Web,Untimely response,No,1
2025-03,Credit reporting or other personal consumer reports,Problem with fraud alerts or security freezes,Web,Closed with explanation,Yes,17
2025-03,Credit reporting or other personal consumer reports,Problem with fraud alerts or security freezes,Web,Closed with non-monetary relief,Yes,15
2025-03,Credit reporting or other personal consumer reports,Unable to get your credit report or credit score,Web,Closed with explanation,Yes,14
2025-03,Credit reporting or other personal consumer reports,Unable to get your credit report or credit score,Web,Closed with non-monetary relief,Yes,1
2025-03,Debt collection,Attempts to collect debt not owed,Web,Closed with explanation,No,5
2025-03,Debt collection,Attempts to collect debt not owed,Web,Closed with explanation,Yes,119
2025-03,Debt collection,Attempts to collect debt not owed,Web,Closed with non-monetary relief,No,3
2025-03,Debt collection,Attempts to collect debt not owed,Web,Closed with non-monetary relief,Yes,45
2025-03,Debt collection,Communication tactics,Web,Closed with explanation,Yes,16
2025-03,Debt collection,Communication tactics,Web,Closed with non-monetary relief,Yes,5
2025-03,Debt collection,Electronic communications,Web,Closed with explanation,Yes,5
2025-03,Debt collection,Electronic communications,Web,Closed with non-monetary relief,Yes,2
2025-03,Debt collection,False statements or representation,Web,Closed with explanation,Yes,37
2025-03,Debt collection,False statements or representation,Web,Closed with non-monetary relief,Yes,19
2025-03,Debt collection,Threatened to contact someone or share information improperly,Web,Closed with explanation,Yes,4
2025-03,Debt collection,Took or threatened to take negative or legal action,Web,Closed with explanation,No,2
2025-03,Debt collection,Took or threatened to take negative or legal action,Web,Closed with explanation,Yes,21
2025-03,Debt collection,Took or threatened to take negative or legal action,Web,Closed with non-monetary relief,Yes,8
2025-03,Debt collection,Took or threatened to take negative or legal action,Web,Untimely response,No,1
2025-03,Debt collection,Written notification about debt,Web,Closed with explanation,No,2
2025-03,Debt collection,Written notification about debt,Web,Closed with explanation,Yes,57
2025-03,Debt collection,Written notification about debt,Web,Closed with non-monetary relief,Yes,20
2025-03,Debt or credit management,Confusing or missing disclosures,Web,Closed with explanation,No,1
2025-03,Debt or credit management,Didn't provide services promised,Web,Closed with explanation,Yes,5
2025-03,Debt or credit management,Problem with customer service,Web,Closed with explanation,No,1
2025-03,Debt or credit management,Unauthorized withdrawals or charges,Web,Closed with explanation,Yes,2
2025-03,"Money transfer, virtual currency, or money service",Confusing or missing disclosures,Web,Closed with explanation,Yes,5
2025-03,"Money transfer, virtual currency, or money service",Fraud or scam,Web,Closed with explanation,Yes,33
2025-03,"Money transfer, virtual currency, or money service",Fraud or scam,Web,Closed with monetary relief,Yes,6
2025-03,"Money transfer, virtual currency, or money service",Fraud or scam,Web,Closed with non-monetary relief,Yes,2
2025-03,"Money transfer, virtual currency, or money service",Lost or stolen money order,Web,Closed with explanation,Yes,1
2025-03,"Money transfer, virtual currency, or money service","Managing, opening, or closing your mobile wallet account",Web,Closed with explanation,Yes,5
2025-03,"Money transfer, virtual currency, or money service",Money was not available when promised,Web,Closed with explanation,Yes,5
2025-03,"Money transfer, virtual currency, or money service",Money was not available when promised,Web,Closed with monetary relief,Yes,1
2025-03,"Money transfer, virtual currency, or money service",Other service problem,Web,Closed with explanation,Yes,1
2025-03,"Money transfer, virtual currency, or money service",Other service problem,Web,Closed with monetary relief,Yes,1
2025-03,"Money transfer, virtual currency, or money service",Other transaction problem,Web,Closed with explanation,Yes,57
2025-03,"Money transfer, virtual currency, or money service",Other transaction problem,Web,Closed with non-monetary relief,Yes,1
2025-03,"Money transfer, virtual currency, or money service",Problem adding money,Web,Closed with explanation,Yes,1
2025-03,"Money transfer, virtual currency, or money service",Trouble accessing funds in your mobile or digital wallet,Web,Closed with explanation,Yes,5
2025-03,"Money transfer, virtual currency, or money service",Unauthorized transactions or other transaction problem,Web,Closed with explanation,Yes,10
2025-03,"Money transfer, virtual currency, or money service",Unauthorized transactions or other transaction problem,Web,Closed with monetary relief,Yes,1
2025-03,Mortgage,Applying for a mortgage or refinancing an existing mortgage,Web,Closed with explanation,Yes,1
2025-03,Mortgage,Closing on a mortgage,Web,Closed with explanation,Yes,6
2025-03,Mortgage,Problem with a company's investigation into an existing problem,Web,Closed with explanation,Yes,1
2025-03,Mortgage,Struggling to pay mortgage,Web,Closed with explanation,Yes,11
2025-03,Mortgage,Trouble during payment process,Web,Closed with explanation,Yes,18
2025-03,Mortgage,Trouble during payment process,Web,Closed with monetary relief,Yes,1
2025-03,Mortgage,Trouble during payment process,Web,Closed with non-monetary relief,Yes,1
2025-03,"Payday loan, title loan, personal loan, or advance loan",Can't stop withdrawals from your bank account,Web,Closed with explanation,Yes,2
2025-03,"Payday loan, title loan, personal loan, or advance loan",Charged fees or interest you didn't expect,Web,Closed with explanation,Yes,3
2025-03,"Payday loan, title loan, personal loan, or advance loan",Getting the loan,Web,Closed with explanation,Yes,1
2025-03,"Payday loan, title loan, personal loan, or advance loan",Incorrect information on your report,Web,Closed with explanation,Yes,2
2025-03,"Payday loan, title loan, personal loan, or advance loan",Loan payment wasn't credited to your account,Web,Closed with monetary relief,Yes,1
2025-03,"Payday loan, title loan, personal loan, or advance loan",Problem with the payoff process at the end of the loan,Web,Closed with explanation,Yes,4
2025-03,"Payday loan, title loan, personal loan, or advance loan",Struggling to pay your loan,Web,Closed with explanation,Yes,1
2025-03,"Payday loan, title loan, personal loan, or advance loan",Struggling to pay your loan,Web,Closed with non-monetary relief,Yes,2
2025-03,Prepaid card,Problem getting a card or closing an account,Web,Closed with explanation,Yes,2
2025-03,Prepaid card,Problem getting a card or closing an account,Web,Closed with monetary relief,Yes,1
2025-03,Prepaid card,Problem with a purchase or transfer,Web,Closed with explanation,No,1
2025-03,Prepaid card,Problem with a purchase or transfer,Web,Closed with explanation,Yes,6
2025-03,Prepaid card,Trouble using the card,Web,Closed with explanation,No,1
2025-03,Prepaid card,Trouble using the card,Web,Closed with explanation,Yes,4
2025-03,Prepaid card,Trouble using the card,Web,Closed with monetary relief,Yes,3
2025-03,Prepaid card,Unexpected or other fees,Web,Closed with explanation,Yes,4
2025-03,Student loan,Dealing with your lender or servicer,Web,Closed with explanation,No,19
2025-03,Student loan,Dealing with your lender or servicer,Web,Closed with explanation,Yes,32
2025-03,Student loan,Dealing with your lender or servicer,Web,Closed with non-monetary relief,Yes,1
2025-03,Student loan,Dealing with your lender or servicer,Web,Untimely response,No,10
2025-03,Student loan,Improper use of your report,Web,Closed with explanation,No,2
2025-03,Student loan,Improper use of your report,Web,Closed with explanation,Yes,11
2025-03,Student loan,Improper use of your report,Web,Untimely response,No,1
2025-03,Student loan,Incorrect information on your report,Web,Closed with explanation,Yes,5
2025-03,Student loan,Issue with income share agreement,Web,Closed with explanation,No,1
2025-03,Student loan,Problem with a company's investigation into an existing problem,Web,Closed with explanation,Yes,2
2025-03,Student loan,Struggling to repay your loan,Web,Closed with explanation,No,4
2025-03,Student loan,Struggling to repay your loan,Web,Closed with explanation,Yes,12
2025-03,Student loan,Struggling to repay your loan,Web,Untimely response,No,1
2025-03,Vehicle loan or lease,Getting a loan or lease,Web,Closed with explanation,Yes,9
2025-03,Vehicle loan or lease,Getting a loan or lease,Web,Closed with non-monetary relief,Yes,1
2025-03,Vehicle loan or lease,Managing the loan or lease,Web,Closed with explanation,Yes,8
2025-03,Vehicle loan or lease,Problem with a company's investigation into an existing problem,Web,Closed with explanation,Yes,2
2025-03,Vehicle loan or lease,Problems at the end of the loan or lease,Web,Closed with explanation,Yes,8
2025-03,Vehicle loan or lease,Repossession,Web,Closed with explanation,Yes,6
2025-03,Vehicle loan or lease,Repossession,Web,Closed with non-monetary relief,Yes,1
2025-03,Vehicle loan or lease,Struggling to pay your loan,Web,Closed with explanation,Yes,2
2025-04,Checking or savings account,Closing an account,Web,Closed with explanation,No,1
2025-04,Checking or savings account,Closing an account,Web,Closed with explanation,Yes,28
2025-04,Checking or savings account,Closing an account,Web,Closed with monetary relief,Yes,5
2025-04,Checking or savings account,Closing an account,Web,Closed with non-monetary relief,Yes,2
2025-04,Checking or savings account,Credit monitoring or identity theft protection services,Web,Closed with explanation,Yes,1
2025-04,Checking or savings account,Managing an account,Web,Closed with explanation,Yes,96
2025-04,Checking or savings account,Managing an account,Web,Closed with monetary relief,Yes,16
2025-04,Checking or savings account,Managing an account,Web,Closed with non-monetary relief,Yes,7
2025-04,Checking or savings account,Opening an account,Web,Closed with explanation,Yes,12
2025-04,Checking or savings account,Opening an account,Web,Closed with monetary relief,Yes,3
2025-04,Checking or savings account,Problem caused by your funds being low,Web,Closed with explanation,Yes,11
2025-04,Checking or savings account,Problem caused by your funds being low,Web,Closed with monetary relief,Yes,1
2025-04,Checking or savings account,Problem with a lender or other company charging your account,Web,Closed with explanation,Yes,24
2025-04,Checking or savings account,Problem with a lender or other company charging your account,Web,Closed with monetary relief,Yes,6
2025-04,Checking or savings account,Problem with a lender or other company charging your account,Web,Closed with non-monetary relief,Yes,1
2025-04,Credit card,"Advertising and marketing, including promotional offers",Web,Closed with explanation,Yes,10
2025-04,Credit card,"Advertising and marketing, including promotional offers",Web,Closed with monetary relief,Yes,2
2025-04,Credit card,"Advertising and marketing, including promotional offers",Web,Closed with non-monetary relief,Yes,1
2025-04,Credit card,Closing your account,Web,Closed with explanation,Yes,19
2025-04,Credit card,Closing your account,Web,Closed with non-monetary relief,Yes,4
2025-04,Credit card,Fees or interest,Web,Closed with explanation,Yes,13
2025-04,Credit card,Fees or interest,Web,Closed with monetary relief,Yes,8
2025-04,Credit card,Fees or interest,Web,Closed with non-monetary relief,Yes,1
2025-04,Credit card,Getting a credit card,Web,Closed with explanation,Yes,13
2025-04,Credit card,Getting a credit card,Web,Closed with non-monetary relief,Yes,6
2025-04,Credit card,Incorrect information on your report,Web,Closed with explanation,Yes,7
2025-04,Credit card,Incorrect information on your report,Web,Closed with non-monetary relief,Yes,2
2025-04,Credit card,"Other features, terms, or problems",Web,Closed with explanation,Yes,16
2025-04,Credit card,"Other features, terms, or problems",Web,Closed with monetary relief,Yes,6
2025-04,Credit card,"Other features, terms, or problems",Web,Closed with non-monetary relief,Yes,4
2025-04,Credit card,Problem when making payments,Web,Closed with explanation,Yes,13
2025-04,Credit card,Problem when making payments,Web,Closed with non-monetary relief,Yes,1
2025-04,Credit card,Problem with a company's investigation into an existing problem,Web,Closed with explanation,Yes,1
2025-04,Credit card,Problem with a company's investigation into an existing problem,Web,Closed with monetary relief,Yes,1
2025-04,Credit card,Problem with a company's investigation into an existing problem,Web,Closed with non-monetary relief,Yes,1
2025-04,Credit card,Problem with a purchase shown on your statement,Web,Closed with explanation,Yes,49
2025-04,Credit card,Problem with a purchase shown on your statement,Web,Closed with monetary relief,Yes,18
2025-04,Credit card,Problem with a purchase shown on your statement,Web,Closed with non-monetary relief,Yes,2
2025-04,Credit card,Struggling to pay your bill,Web,Closed with explanation,Yes,2
2025-04,Credit card,Trouble using your card,Web,Closed with explanation,Yes,3
2025-04,Credit card,Trouble using your card,Web,Closed with non-monetary relief,Yes,1
2025-04,Credit reporting or other personal consumer reports,Credit monitoring or identity theft protection services,Web,Closed with explanation,Yes,14
2025-04,Credit reporting or other personal consumer reports,Credit monitoring or identity theft protection services,Web,Closed with monetary relief,Yes,1
2025-04,Credit reporting or other personal consumer reports,Credit monitoring or identity theft protection services,Web,Closed with non-monetary relief,Yes,6
2025-04,Credit reporting or other personal consumer reports,Improper use of your report,Web,Closed with explanation,No,1
2025-04,Credit reporting or other personal consumer reports,Improper use of your report,Web,Closed with explanation,Yes,606
2025-04,Credit reporting or other personal consumer reports,Improper use of your report,Web,Closed with non-monetary relief,Yes,474
2025-04,Credit reporting or other personal consumer reports,Improper use of your report,Web,Untimely response,No,1
2025-04,Credit reporting or other personal consumer reports,Incorrect information on your report,Web,Closed with explanation,No,6
2025-04,Credit reporting or other personal consumer reports,Incorrect information on your report,Web,Closed with explanation,Yes,1409
2025-04,Credit reporting or other personal consumer reports,Incorrect information on your report,Web,Closed with monetary relief,Yes,1
2025-04,Credit reporting or other personal consumer reports,Incorrect information on your report,Web,Closed with non-monetary relief,Yes,1299
2025-04,Credit reporting or other personal consumer reports,Incorrect information on your report,Web,Untimely response,No,2
2025-04,Credit reporting or other personal consumer reports,Problem with a company's investigation into an existing issue,Web,Closed with explanation,Yes,4
2025-04,Credit reporting or other personal consumer reports,Problem with a company's investigation into an existing issue,Web,Closed with non-monetary relief,Yes,1
2025-04,Credit reporting or other personal consumer reports,Problem with a company's investigation into an existing problem,Web,Closed with explanation,No,1
2025-04,Credit reporting or other personal consumer reports,Problem with a company's investigation into an existing problem,Web,Closed with explanation,Yes,289
2025-04,Credit reporting or other personal consumer reports,Problem with a company's investigation into an existing problem,Web,Closed with non-monetary relief,Yes,298
2025-04,Credit reporting or other personal consumer reports,Problem with fraud alerts or security freezes,Web,Closed with explanation,Yes,12
2025-04,Credit reporting or other personal consumer reports,Problem with fraud alerts or security freezes,Web,Closed with non-monetary relief,Yes,6
2025-04,Credit reporting or other personal consumer reports,Unable to get your credit report or credit score,Web,Closed with explanation,Yes,21
2025-04,Credit reporting or other personal consumer reports,Unable to get your credit report or credit score,Web,Closed with non-monetary relief,Yes,4
2025-04,Debt collection,Attempts to collect debt not owed,Web,Closed with explanation,No,4
2025-04,Debt collection,Attempts to collect debt not owed,Web,Closed with explanation,Yes,119
2025-04,Debt collection,Attempts to collect debt not owed,Web,Closed with monetary relief,Yes,1
2025-04,Debt collection,Attempts to collect debt not owed,Web,Closed with non-monetary relief,No,1
2025-04,Debt collection,Attempts to collect debt not owed,Web,Closed with non-monetary relief,Yes,46
2025-04,Debt collection,Attempts to collect debt not owed,Web,Untimely response,No,1
2025-04,Debt collection,Communication tactics,Web,Closed with explanation,Yes,11
2025-04,Debt collection,Communication tactics,Web,Closed with non-monetary relief,Yes,6
2025-04,Debt collection,Electronic communications,Web,Closed with explanation,Yes,1
2025-04,Debt collection,False statements or representation,Web,Closed with explanation,Yes,24
2025-04,Debt collection,False statements or representation,Web,Closed with non-monetary relief,Yes,5
2025-04,Debt collection,Threatened to contact someone or share information improperly,Web,Closed with explanation,No,1
2025-04,Debt collection,Threatened to contact someone or share information improperly,Web,Closed with explanation,Yes,2
2025-04,Debt collection,Took or threatened to take negative or legal action,Web,Closed with explanation,No,1
2025-04,Debt collection,Took or threatened to take negative or legal action,Web,Closed with explanation,Yes,16
2025-04,Debt collection,Took or threatened to take negative or legal action,Web,Closed with non-monetary relief,No,1
2025-04,Debt collection,Took or threatened to take negative or legal action,Web,Closed with non-monetary relief,Yes,2
2025-04,Debt collection,Written notification about debt,Web,Closed with explanation,No,5
2025-04,Debt collection,Written notification about debt,Web,Closed with explanation,Yes,60
2025-04,Debt collection,Written notification about debt,Web,Closed with non-monetary relief,Yes,34
2025-04,Debt collection,Written notification about debt,Web,Untimely response,No,2
2025-04,Debt or credit management,Charged upfront or unexpected fees,Web,Closed with explanation,Yes,1
2025-04,Debt or credit management,Didn't provide services promised,Web,Closed with explanation,No,2
2025-04,Debt or credit management,Didn't provide services promised,Web,Closed with explanation,Yes,2
2025-04,Debt or credit management,Problem with customer service,Web,Closed with explanation,Yes,5
2025-04,Debt or credit management,Unauthorized withdrawals or charges,Web,Closed with explanation,Yes,3
2025-04,"Money transfer, virtual currency, or money service",Confusing or misleading advertising or marketing,Web,Closed with explanation,Yes,1
2025-04,"Money transfer, virtual currency, or money service",Confusing or missing disclosures,Web,Closed with explanation,Yes,2
2025-04,"Money transfer, virtual currency, or money service",Confusing or missing disclosures,Web,Closed with monetary relief,Yes,1
2025-04,"Money transfer, virtual currency, or money service",Fraud or scam,Web,Closed with explanation,Yes,25
2025-04,"Money transfer, virtual currency, or money service",Fraud or scam,Web,Closed with non-monetary relief,Yes,4
2025-04,"Money transfer, virtual currency, or money service",Lost or stolen money order,Web,Closed with explanation,Yes,2
2025-04,"Money transfer, virtual currency, or money service","Managing, opening, or closing your mobile wallet account",Web,Closed with explanation,Yes,1
2025-04,"Money transfer, virtual currency, or money service","Managing, opening, or closing your mobile wallet account",Web,Closed with non-monetary relief,Yes,1
2025-04,"Money transfer, virtual currency, or money service",Money was not available when promised,Web,Closed with explanation,Yes,2
2025-04,"Money transfer, virtual currency, or money service",Money was not available when promised,Web,Closed with monetary relief,Yes,1
2025-04,"Money transfer, virtual currency, or money service",Other service problem,Web,Closed with explanation,Yes,2
2025-04,"Money transfer, virtual currency, or money service",Other service problem,Web,Closed with monetary relief,Yes,1
2025-04,"Money transfer, virtual currency, or money service",Other transaction problem,Web,Closed with explanation,Yes,21
2025-04,"Money transfer, virtual currency, or money service",Other transaction problem,Web,Closed with monetary relief,Yes,1
2025-04,"Money transfer, virtual currency, or money service",Other transaction problem,Web,Untimely response,No,1
2025-04,"Money transfer, virtual currency, or money service","Overdraft, savings, or rewards features",Web,Closed with explanation,Yes,1
2025-04,"Money transfer, virtual currency, or money service",Problem adding money,Web,Closed with explanation,Yes,1
2025-04,"Money transfer, virtual currency, or money service",Problem with customer service,Web,Closed with explanation,Yes,1
2025-04,"Money transfer, virtual currency, or money service",Trouble accessing funds in your mobile or digital wallet,Web,Closed with explanation,Yes,5
2025-04,"Money transfer, virtual currency, or money service",Trouble accessing funds in your mobile or digital wallet,Web,Closed with non-monetary relief,Yes,1
2025-04,"Money transfer, virtual currency, or money service",Unauthorized transactions or other transaction problem,Web,Closed with explanation,Yes,9
2025-04,"Money transfer, virtual currency, or money service",Wrong amount charged or received,Web,Closed with explanation,Yes,1
2025-04,Mortgage,Applying for a mortgage or refinancing an existing mortgage,Web,Closed with explanation,Yes,8
2025-04,Mortgage,Applying for a mortgage or refinancing an existing mortgage,Web,Closed with monetary relief,Yes,1
2025-04,Mortgage,Closing on a mortgage,Web,Closed with explanation,Yes,1
2025-04,Mortgage,Closing on a mortgage,Web,Untimely response,No,1
2025-04,Mortgage,Incorrect information on your report,Web,Closed with explanation,Yes,1
2025-04,Mortgage,Problem with a company's investigation into an existing problem,Web,Closed with explanation,Yes,2
2025-04,Mortgage,Struggling to pay mortgage,Web,Closed with explanation,Yes,14
2025-04,Mortgage,Trouble during payment process,Web,Closed with explanation,No,1
2025-04,Mortgage,Trouble during payment process,Web,Closed with explanation,Yes,18
2025-04,Mortgage,Trouble during payment process,Web,Closed with monetary relief,Yes,1
2025-04,Mortgage,Trouble during payment process,Web,Closed with non-monetary relief,Yes,1
2025-04,"Payday loan, title loan, personal loan, or advance loan",Can't contact lender or servicer,Web,Closed with explanation,Yes,2
2025-04,"Payday loan, title loan, personal loan, or advance loan",Can't stop withdrawals from your bank account,Web,Closed with explanation,Yes,1
2025-04,"Payday loan, title loan, personal loan, or advance loan",Charged fees or interest you didn't expect,Web,Closed with explanation,Yes,2
2025-04,"Payday loan, title loan, personal loan, or advance loan",Charged fees or interest you didn't expect,Web,Closed with non-monetary relief,Yes,1
2025-04,"Payday loan, title loan, personal loan, or advance loan",Getting a line of credit,Web,Closed with explanation,Yes,1
2025-04,"Payday loan, title loan, personal loan, or advance loan",Getting the loan,Web,Closed with explanation,Yes,1
2025-04,"Payday loan, title loan, personal loan, or advance loan",Incorrect information on your report,Web,Closed with explanation,Yes,1
2025-04,"Payday loan, title loan, personal loan, or advance loan",Problem when making payments,Web,Closed with explanation,Yes,2
2025-04,"Payday loan, title loan, personal loan, or advance loan",Problem with the payoff process at the end of the loan,Web,Closed with explanation,Yes,2
2025-04,"Payday loan, title loan, personal loan, or advance loan",Problem with the payoff process at the end of the loan,Web,Closed with monetary relief,Yes,1
2025-04,"Payday loan, title loan, personal loan, or advance loan",Struggling to pay your loan,Web,Closed with explanation,Yes,2
2025-04,"Payday loan, title loan, personal loan, or advance loan",Unexpected fees,Web,Closed with explanation,Yes,1
2025-04,Prepaid card,Problem getting a card or closing an account,Web,Closed with explanation,Yes,1
2025-04,Prepaid card,Problem getting a card or closing an account,Web,Closed with monetary relief,Yes,1
2025-04,Prepaid card,Problem with a purchase or transfer,Web,Closed with explanation,Yes,5
2025-04,Prepaid card,Trouble using the card,Web,Closed with explanation,Yes,6
2025-04,Prepaid card,Trouble using the card,Web,Closed with monetary relief,Yes,1
2025-04,Prepaid card,Trouble using the card,Web,Closed with non-monetary relief,Yes,1
2025-04,Prepaid card,Unexpected or other fees,Web,Closed with explanation,Yes,1
2025-04,Student loan,Credit monitoring or identity theft protection services,Web,Closed with explanation,Yes,1
2025-04,Student loan,Dealing with your lender or servicer,Web,Closed with explanation,No,9
2025-04,Student loan,Dealing with your lender or servicer,Web,Closed with explanation,Yes,15
2025-04,Student loan,Improper use of your report,Web,Closed with explanation,No,1
2025-04,Student loan,Improper use of your report,Web,Closed with explanation,Yes,3
2025-04,Student loan,Improper use of your report,Web,Untimely response,No,1
2025-04,Student loan,Incorrect information on your report,Web,Closed with explanation,No,2
2025-04,Student loan,Incorrect information on your report,Web,Closed with explanation,Yes,3
2025-04,Student loan,Incorrect information on your report,Web,Closed with non-monetary relief,Yes,1
2025-04,Student loan,Incorrect information on your report,Web,Untimely response,No,2
2025-04,Student loan,Issue with income share agreement,Web,Closed with explanation,Yes,1
2025-04,Student loan,Struggling to repay your loan,Web,Closed with explanation,No,2
2025-04,Student loan,Struggling to repay your loan,Web,Closed with explanation,Yes,12
2025-04,Student loan,Struggling to repay your loan,Web,Untimely response,No,2
2025-04,Vehicle loan or lease,Getting a loan or lease,Web,Closed with explanation,Yes,1
2025-04,Vehicle loan or lease,Improper use of your report,Web,Closed with explanation,Yes,1
2025-04,Vehicle loan or lease,Incorrect information on your report,Web,Closed with explanation,Yes,3
2025-04,Vehicle loan or lease,Incorrect information on your report,Web,Closed with non-monetary relief,Yes,1
2025-04,Vehicle loan or lease,Managing the loan or lease,Web,Closed with explanation,Yes,3
2025-04,Vehicle loan or lease,Managing the loan or lease,Web,Closed with non-monetary relief,Yes,1
2025-04,Vehicle loan or lease,Problem with a company's investigation into an existing problem,Web,Closed with explanation,Yes,3
2025-04,Vehicle loan or lease,Problems at the end of the loan or lease,Web,Closed with explanation,Yes,7
2025-04,Vehicle loan or lease,Problems at the end of the loan or lease,Web,Closed with non-monetary relief,Yes,1
2025-04,Vehicle loan or lease,Repossession,Web,Closed with explanation,Yes,6
2025-04,Vehicle loan or lease,Repossession,Web,Closed with non-monetary relief,Yes,1
2025-04,Vehicle loan or lease,Repossession,Web,Untimely response,No,2
2025-04,Vehicle loan or lease,Struggling to pay your loan,Web,Closed with explanation,Yes,2
2025-05,Checking or savings account,Closing an account,Web,Closed with explanation,Yes,51
2025-05,Checking or savings account,Closing an account,Web,Closed with monetary relief,Yes,9
2025-05,Checking or savings account,Closing an account,Web,Closed with non-monetary relief,Yes,3
2025-05,Checking or savings account,Managing an account,Web,Closed with explanation,Yes,109
2025-05,Checking or savings account,Managing an account,Web,Closed with monetary relief,Yes,12
2025-05,Checking or savings account,Managing an account,Web,Closed with non-monetary relief,Yes,7
2025-05,Checking or savings account,Opening an account,Web,Closed with explanation,Yes,12
2025-05,Checking or savings account,Opening an account,Web,Closed with monetary relief,Yes,2
2025-05,Checking or savings account,Opening an account,Web,Closed with non-monetary relief,Yes,1
2025-05,Checking or savings account,Problem caused by your funds being low,Web,Closed with explanation,Yes,15
2025-05,Checking or savings account,Problem caused by your funds being low,Web,Closed with monetary relief,Yes,2
2025-05,Checking or savings account,Problem with a lender or other company charging your account,Web,Closed with explanation,Yes,32
2025-05,Checking or savings account,Problem with a lender or other company charging your account,Web,Closed with monetary relief,Yes,7
2025-05,Checking or savings account,Problem with a lender or other company charging your account,Web,Closed with non-monetary relief,Yes,1
2025-05,Credit card,"Advertising and marketing, including promotional offers",Web,Closed with explanation,Yes,11
2025-05,Credit card,"Advertising and marketing, including promotional offers",Web,Closed with monetary relief,Yes,2
2025-05,Credit card,"Advertising and marketing, including promotional offers",Web,Closed with non-monetary relief,Yes,1
2025-05,Credit card,Closing your account,Web,Closed with explanation,Yes,20
2025-05,Credit card,Closing your account,Web,Closed with non-monetary relief,Yes,2
2025-05,Credit card,Credit monitoring or identity theft protection services,Web,Closed with explanation,Yes,1
2025-05,Credit card,Fees or interest,Web,Closed with explanation,Yes,24
2025-05,Credit card,Fees or interest,Web,Closed with monetary relief,Yes,11
2025-05,Credit card,Fees or interest,Web,Closed with non-monetary relief,Yes,2
2025-05,Credit card,Fees or interest,Web,Untimely response,No,1
2025-05,Credit card,Getting a credit card,Web,Closed with explanation,Yes,19
2025-05,Credit card,Getting a credit card,Web,Closed with monetary relief,Yes,2
2025-05,Credit card,Getting a credit card,Web,Closed with non-monetary relief,Yes,7
2025-05,Credit card,Improper use of your report,Web,Closed with explanation,Yes,2
2025-05,Credit card,Incorrect information on your report,Web,Closed with explanation,Yes,2
2025-05,Credit card,Incorrect information on your report,Web,Closed with non-monetary relief,Yes,1
2025-05,Credit card,"Other features, terms, or problems",Web,Closed with explanation,Yes,20
2025-05,Credit card,"Other features, terms, or problems",Web,Closed with monetary relief,Yes,4
2025-05,Credit card,"Other features, terms, or problems",Web,Closed with non-monetary relief,Yes,9
2025-05,Credit card,Problem when making payments,Web,Closed with explanation,Yes,13
2025-05,Credit card,Problem when making payments,Web,Closed with monetary relief,Yes,3
2025-05,Credit card,Problem when making payments,Web,Closed with non-monetary relief,Yes,1
2025-05,Credit card,Problem with a company's investigation into an existing problem,Web,Closed with explanation,Yes,5
2025-05,Credit card,Problem with a purchase shown on your statement,Web,Closed with explanation,No,1
2025-05,Credit card,Problem with a purchase shown on your statement,Web,Closed with explanation,Yes,49
2025-05,Credit card,Problem with a purchase shown on your statement,Web,Closed with monetary relief,Yes,26
2025-05,Credit card,Problem with a purchase shown on your statement,Web,Closed with non-monetary relief,Yes,9
2025-05,Credit card,Struggling to pay your bill,Web,Closed with explanation,Yes,3
2025-05,Credit card,Struggling to pay your bill,Web,Closed with non-monetary relief,Yes,1
2025-05,Credit card,Trouble using your card,Web,Closed with explanation,Yes,15
2025-05,Credit card,Trouble using your card,Web,Closed with monetary relief,Yes,1
2025-05,Credit card,Trouble using your card,Web,Closed with non-monetary relief,Yes,1
2025-05,Credit reporting or other personal consumer reports,Credit monitoring or identity theft protection services,Web,Closed with explanation,Yes,4
2025-05,Credit reporting or other personal consumer reports,Credit monitoring or identity theft protection services,Web,Closed with non-monetary relief,Yes,2
2025-05,Credit reporting or other personal consumer reports,Identity theft protection or other monitoring services,Web,Closed with explanation,Yes,1
2025-05,Credit reporting or other personal consumer reports,Identity theft protection or other monitoring services,Web,Closed with non-monetary relief,Yes,1
2025-05,Credit reporting or other personal consumer reports,Improper use of your report,Web,Closed with explanation,No,4
2025-05,Credit reporting or other personal consumer reports,Improper use of your report,Web,Closed with explanation,Yes,733
2025-05,Credit reporting or other personal consumer reports,Improper use of your report,Web,Closed with non-monetary relief,Yes,544
2025-05,Credit reporting or other personal consumer reports,Improper use of your report,Web,Untimely response,No,1
2025-05,Credit reporting or other personal consumer reports,Incorrect information on your report,Web,Closed with explanation,No,4
2025-05,Credit reporting or other personal consumer reports,Incorrect information on your report,Web,Closed with explanation,Yes,1332
2025-05,Credit reporting or other personal consumer reports,Incorrect information on your report,Web,Closed with monetary relief,Yes,2
2025-05,Credit reporting or other personal consumer reports,Incorrect information on your report,Web,Closed with non-monetary relief,No,1
2025-05,Credit reporting or other personal consumer reports,Incorrect information on your report,Web,Closed with non-monetary relief,Yes,1117
2025-05,Credit reporting or other personal consumer reports,Incorrect information on your report,Web,Untimely response,No,2
2025-05,Credit reporting or other personal consumer reports,Problem with a company's investigation into an existing issue,Web,Closed with explanation,Yes,3
2025-05,Credit reporting or other personal consumer reports,Problem with a company's investigation into an existing issue,Web,Closed with non-monetary relief,Yes,1
2025-05,Credit reporting or other personal consumer reports,Problem with a company's investigation into an existing problem,Web,Closed with explanation,No,3
2025-05,Credit reporting or other personal consumer reports,Problem with a company's investigation into an existing problem,Web,Closed with explanation,Yes,360
2025-05,Credit reporting or other personal consumer reports,Problem with a company's investigation into an existing problem,Web,Closed with monetary relief,Yes,2
2025-05,Credit reporting or other personal consumer reports,Problem with a company's investigation into an existing problem,Web,Closed with non-monetary relief,Yes,276
2025-05,Credit reporting or other personal consumer reports,Problem with fraud alerts or security freezes,Web,Closed with explanation,Yes,11
2025-05,Credit reporting or other personal consumer reports,Problem with fraud alerts or security freezes,Web,Closed with non-monetary relief,Yes,3
2025-05,Credit reporting or other personal consumer reports,Unable to get your credit report or credit score,Web,Closed with explanation,Yes,16
2025-05,Credit reporting or other personal consumer reports,Unable to get your credit report or credit score,Web,Closed with non-monetary relief,Yes,4
2025-05,Debt collection,Attempts to collect debt not owed,Web,Closed with explanation,No,4
2025-05,Debt collection,Attempts to collect debt not owed,Web,Closed with explanation,Yes,113
2025-05,Debt collection,Attempts to collect debt not owed,Web,Closed with non-monetary relief,Yes,50
2025-05,Debt collection,Communication tactics,Web,Closed with explanation,Yes,13
2025-05,Debt collection,Communication tactics,Web,Closed with non-monetary relief,Yes,4
2025-05,Debt collection,Electronic communications,Web,Closed with explanation,Yes,5
2025-05,Debt collection,False statements or representation,Web,Closed with explanation,No,1
2025-05,Debt collection,False statements or representation,Web,Closed with explanation,Yes,49
2025-05,Debt collection,False statements or representation,Web,Closed with non-monetary relief,Yes,17
2025-05,Debt collection,False statements or representation,Web,Untimely response,No,1
2025-05,Debt collection,Threatened to contact someone or share information improperly,Web,Closed with explanation,Yes,2
2025-05,Debt collection,Threatened to contact someone or share information improperly,Web,Closed with non-monetary relief,Yes,2
2025-05,Debt collection,Took or threatened to take negative or legal action,Web,Closed with explanation,Yes,19
2025-05,Debt collection,Took or threatened to take negative or legal action,Web,Closed with non-monetary relief,Yes,4
2025-05,Debt collection,Written notification about debt,Web,Closed with explanation,No,1
2025-05,Debt collection,Written notification about debt,Web,Closed with explanation,Yes,93
2025-05,Debt collection,Written notification about debt,Web,Closed with non-monetary relief,No,1
2025-05,Debt collection,Written notification about debt,Web,Closed with non-monetary relief,Yes,42
2025-05,Debt or credit management,Charged upfront or unexpected fees,Web,Closed with explanation,Yes,1
2025-05,Debt or credit management,Confusing or misleading advertising or marketing,Web,Closed with explanation,Yes,1
2025-05,Debt or credit management,Confusing or misleading advertising or marketing,Web,Closed with non-monetary relief,Yes,1
2025-05,Debt or credit management,Didn't provide services promised,Web,Closed with explanation,Yes,1
2025-05,Debt or credit management,Problem with customer service,Web,Closed with non-monetary relief,Yes,1
2025-05,Debt or credit management,Unauthorized withdrawals or charges,Web,Closed with explanation,Yes,1
2025-05,"Money transfer, virtual currency, or money service",Confusing or misleading advertising or marketing,Web,Closed with explanation,Yes,3
2025-05,"Money transfer, virtual currency, or money service",Confusing or missing disclosures,Web,Closed with explanation,Yes,3
2025-05,"Money transfer, virtual currency, or money service",Fraud or scam,Web,Closed with explanation,No,1
2025-05,"Money transfer, virtual currency, or money service",Fraud or scam,Web,Closed with explanation,Yes,30
2025-05,"Money transfer, virtual currency, or money service",Fraud or scam,Web,Closed with monetary relief,Yes,2
2025-05,"Money transfer, virtual currency, or money service",Fraud or scam,Web,Closed with non-monetary relief,Yes,1
2025-05,"Money transfer, virtual currency, or money service",Lost or stolen money order,Web,Closed with explanation,Yes,1
2025-05,"Money transfer, virtual currency, or money service","Managing, opening, or closing your mobile wallet account",Web,Closed with explanation,Yes,4
2025-05,"Money transfer, virtual currency, or money service","Managing, opening, or closing your mobile wallet account",Web,Closed with non-monetary relief,Yes,1
2025-05,"Money transfer, virtual currency, or money service",Money was not available when promised,Web,Closed with explanation,No,1
2025-05,"Money transfer, virtual currency, or money service",Money was not available when promised,Web,Closed with explanation,Yes,3
2025-05,"Money transfer, virtual currency, or money service",Money was not available when promised,Web,Closed with monetary relief,Yes,2
2025-05,"Money transfer, virtual currency, or money service",Other service problem,Web,Closed with explanation,Yes,5
2025-05,"Money transfer, virtual currency, or money service",Other transaction problem,Web,Closed with explanation,No,1
2025-05,"Money transfer, virtual currency, or money service",Other transaction problem,Web,Closed with explanation,Yes,29
2025-05,"Money transfer, virtual currency, or money service",Other transaction problem,Web,Closed with monetary relief,Yes,2
2025-05,"Money transfer, virtual currency, or money service",Problem with customer service,Web,Closed with explanation,Yes,3
2025-05,"Money transfer, virtual currency, or money service",Trouble accessing funds in your mobile or digital wallet,Web,Closed with explanation,Yes,6
2025-05,"Money transfer, virtual currency, or money service",Trouble accessing funds in your mobile or digital wallet,Web,Closed with non-monetary relief,Yes,2
2025-05,"Money transfer, virtual currency, or money service",Unauthorized transactions or other transaction problem,Web,Closed with explanation,Yes,17
2025-05,"Money transfer, virtual currency, or money service",Unexpected or other fees,Web,Closed with explanation,Yes,3
2025-05,"Money transfer, virtual currency, or money service",Unexpected or other fees,Web,Closed with monetary relief,Yes,1
2025-05,Mortgage,Applying for a mortgage or refinancing an existing mortgage,Web,Closed with explanation,Yes,5
2025-05,Mortgage,Closing on a mortgage,Web,Closed with explanation,Yes,2
2025-05,Mortgage,Closing on a mortgage,Web,Closed with monetary relief,Yes,1
2025-05,Mortgage,Credit monitoring or identity theft protection services,Web,Closed with explanation,Yes,1
2025-05,Mortgage,Struggling to pay mortgage,Web,Closed with explanation,Yes,9
2025-05,Mortgage,Trouble during payment process,Web,Closed with explanation,Yes,18
2025-05,"Payday loan, title loan, personal loan, or advance loan",Charged fees or interest you didn't expect,Web,Closed with explanation,Yes,6
2025-05,"Payday loan, title loan, personal loan, or advance loan",Charged fees or interest you didn't expect,Web,Closed with monetary relief,Yes,1
2025-05,"Payday loan, title loan, personal loan, or advance loan",Getting a line of credit,Web,Closed with explanation,Yes,1
2025-05,"Payday loan, title loan, personal loan, or advance loan",Getting the loan,Web,Closed with explanation,Yes,2
2025-05,"Payday loan, title loan, personal loan, or advance loan",Improper use of your report,Web,Closed with explanation,Yes,1
2025-05,"Payday loan, title loan, personal loan, or advance loan",Improper use of your report,Web,Closed with non-monetary relief,Yes,1
2025-05,"Payday loan, title loan, personal loan, or advance loan",Incorrect information on your report,Web,Closed with explanation,Yes,1
2025-05,"Payday loan, title loan, personal loan, or advance loan",Money was taken from your bank account on the wrong day or for the wrong amount,Web,Closed with explanation,Yes,2
2025-05,"Payday loan, title loan, personal loan, or advance loan",Problem when making payments,Web,Closed with explanation,Yes,6
2025-05,"Payday loan, title loan, personal loan, or advance loan",Problem with the payoff process at the end of the loan,Web,Closed with explanation,Yes,5
2025-05,"Payday loan, title loan, personal loan, or advance loan",Struggling to pay your loan,Web,Closed with monetary relief,Yes,1
2025-05,"Payday loan, title loan, personal loan, or advance loan","Was approved for a loan, but didn't receive the money",Web,Closed with explanation,Yes,1
2025-05,Prepaid card,Problem getting a card or closing an account,Web,Closed with explanation,Yes,3
2025-05,Prepaid card,Problem with a purchase or transfer,Web,Closed with explanation,Yes,5
2025-05,Prepaid card,Trouble using the card,Web,Closed with explanation,No,1
2025-05,Prepaid card,Trouble using the card,Web,Closed with explanation,Yes,5
2025-05,Prepaid card,Trouble using the card,Web,Closed with monetary relief,Yes,1
2025-05,Student loan,Dealing with your lender or servicer,Web,Closed with explanation,No,21
2025-05,Student loan,Dealing with your lender or servicer,Web,Closed with explanation,Yes,24
2025-05,Student loan,Dealing with your lender or servicer,Web,Closed with non-monetary relief,Yes,1
2025-05,Student loan,Dealing with your lender or servicer,Web,Untimely response,No,3
2025-05,Student loan,Getting a loan,Web,Closed with explanation,Yes,1
2025-05,Student loan,Improper use of your report,Web,Closed with explanation,Yes,3
2025-05,Student loan,Improper use of your report,Web,Untimely response,No,1
2025-05,Student loan,Incorrect information on your report,Web,Closed with explanation,Yes,7
2025-05,Student loan,Struggling to repay your loan,Web,Closed with explanation,No,2
2025-05,Student loan,Struggling to repay your loan,Web,Closed with explanation,Yes,7
2025-05,Student loan,Struggling to repay your loan,Web,Untimely response,No,1
2025-05,Vehicle loan or lease,Getting a loan or lease,Web,Closed with explanation,Yes,6
2025-05,Vehicle loan or lease,Improper use of your report,Web,Closed with explanation,Yes,1
2025-05,Vehicle loan or lease,Incorrect information on your report,Web,Closed with explanation,Yes,7
2025-05,Vehicle loan or lease,Incorrect information on your report,Web,Untimely response,No,1
2025-05,Vehicle loan or lease,Managing the loan or lease,Web,Closed with explanation,Yes,3
2025-05,Vehicle loan or lease,Managing the loan or lease,Web,Closed with non-monetary relief,Yes,1
2025-05,Vehicle loan or lease,Problem with a company's investigation into an existing problem,Web,Closed with non-monetary relief,Yes,1
2025-05,Vehicle loan or lease,Problems at the end of the loan or lease,Web,Closed with explanation,Yes,6
2025-05,Vehicle loan or lease,Problems at the end of the loan or lease,Web,Closed with monetary relief,Yes,1
2025-05,Vehicle loan or lease,Repossession,Web,Closed with explanation,Yes,9
2025-05,Vehicle loan or lease,Repossession,Web,Closed with non-monetary relief,Yes,3
2025-05,Vehicle loan or lease,Struggling to pay your loan,Web,Closed with explanation,Yes,1
2025-06,Checking or savings account,Closing an account,Web,Closed with explanation,Yes,32
2025-06,Checking or savings account,Closing an account,Web,Closed with monetary relief,Yes,11
2025-06,Checking or savings account,Closing an account,Web,Closed with non-monetary relief,Yes,4
2025-06,Checking or savings account,Managing an account,Web,Closed with explanation,No,1
2025-06,Checking or savings account,Managing an account,Web,Closed with explanation,Yes,112
2025-06,Checking or savings account,Managing an account,Web,Closed with monetary relief,Yes,16
2025-06,Checking or savings account,Managing an account,Web,Closed with non-monetary relief,Yes,14
2025-06,Checking or savings account,Managing an account,Web,Untimely response,No,1
2025-06,Checking or savings account,Opening an account,Web,Closed with explanation,Yes,16
2025-06,Checking or savings account,Opening an account,Web,Closed with monetary relief,Yes,1
2025-06,Checking or savings account,Problem caused by your funds being low,Web,Closed with explanation,Yes,18
2025-06,Checking or savings account,Problem caused by your funds being low,Web,Closed with monetary relief,Yes,1
2025-06,Checking or savings account,Problem caused by your funds being low,Web,Closed with non-monetary relief,Yes,1
2025-06,Checking or savings account,Problem with a company's investigation into an existing problem,Web,Closed with explanation,Yes,1
2025-06,Checking or savings account,Problem with a lender or other company charging your account,Web,Closed with explanation,Yes,23
2025-06,Checking or savings account,Problem with a lender or other company charging your account,Web,Closed with monetary relief,Yes,3
2025-06,Checking or savings account,Problem with a lender or other company charging your account,Web,Closed with non-monetary relief,Yes,1
2025-06,Credit card,"Advertising and marketing, including promotional offers",Web,Closed with explanation,Yes,9
2025-06,Credit card,"Advertising and marketing, including promotional offers",Web,Closed with monetary relief,Yes,1
2025-06,Credit card,"Advertising and marketing, including promotional offers",Web,Closed with non-monetary relief,Yes,1
2025-06,Credit card,Closing your account,Web,Closed with explanation,Yes,13
2025-06,Credit card,Closing your account,Web,Closed with monetary relief,Yes,2
2025-06,Credit card,Closing your account,Web,Closed with non-monetary relief,Yes,6
2025-06,Credit card,Fees or interest,Web,Closed with explanation,Yes,22
2025-06,Credit card,Fees or interest,Web,Closed with monetary relief,Yes,12
2025-06,Credit card,Fees or interest,Web,Closed with non-monetary relief,Yes,1
2025-06,Credit card,Getting a credit card,Web,Closed with explanation,Yes,19
2025-06,Credit card,Getting a credit card,Web,Closed with monetary relief,Yes,1
2025-06,Credit card,Getting a credit card,Web,Closed with non-monetary relief,Yes,6
2025-06,Credit card,Improper use of your report,Web,Closed with explanation,Yes,1
2025-06,Credit card,Improper use of your report,Web,Closed with non-monetary relief,Yes,2
2025-06,Credit card,Incorrect information on your report,Web,Closed with explanation,Yes,10
2025-06,Credit card,Incorrect information on your report,Web,Closed with non-monetary relief,Yes,1
2025-06,Credit card,"Other features, terms, or problems",Web,Closed with explanation,Yes,29
2025-06,Credit card,"Other features, terms, or problems",Web,Closed with monetary relief,Yes,7
2025-06,Credit card,"Other features, terms, or problems",Web,Closed with non-monetary relief,Yes,6
2025-06,Credit card,Problem when making payments,Web,Closed with explanation,Yes,13
2025-06,Credit card,Problem when making payments,Web,Closed with monetary relief,Yes,3
2025-06,Credit card,Problem with a company's investigation into an existing problem,Web,Closed with explanation,Yes,1
2025-06,Credit card,Problem with a purchase shown on your statement,Web,Closed with explanation,No,1
2025-06,Credit card,Problem with a purchase shown on your statement,Web,Closed with explanation,Yes,52
2025-06,Credit card,Problem with a purchase shown on your statement,Web,Closed with monetary relief,Yes,26
2025-06,Credit card,Problem with a purchase shown on your statement,Web,Closed with non-monetary relief,Yes,7
2025-06,Credit card,Struggling to pay your bill,Web,Closed with explanation,Yes,3
2025-06,Credit card,Struggling to pay your bill,Web,Closed with non-monetary relief,Yes,1
2025-06,Credit card,Trouble using your card,Web,Closed with explanation,Yes,16
2025-06,Credit card,Trouble using your card,Web,Closed with non-monetary relief,Yes,1
2025-06,Credit reporting or other personal consumer reports,Credit monitoring or identity theft protection services,Web,Closed with explanation,Yes,6
2025-06,Credit reporting or other personal consumer reports,Credit monitoring or identity theft protection services,Web,Closed with non-monetary relief,Yes,3
2025-06,Credit reporting or other personal consumer reports,Identity theft protection or other monitoring services,Web,Closed with explanation,Yes,1
2025-06,Credit reporting or other personal consumer reports,Improper use of your report,Web,Closed with explanation,No,1
2025-06,Credit reporting or other personal consumer reports,Improper use of your report,Web,Closed with explanation,Yes,774
2025-06,Credit reporting or other personal consumer reports,Improper use of your report,Web,Closed with non-monetary relief,Yes,795
2025-06,Credit reporting or other personal consumer reports,Improper use of your report,Web,Untimely response,No,3
2025-06,Credit reporting or other personal consumer reports,Incorrect information on your report,Web,Closed with explanation,No,3
2025-06,Credit reporting or other personal consumer reports,Incorrect information on your report,Web,Closed with explanation,Yes,1210
2025-06,Credit reporting or other personal consumer reports,Incorrect information on your report,Web,Closed with monetary relief,Yes,4
2025-06,Credit reporting or other personal consumer reports,Incorrect information on your report,Web,Closed with non-monetary relief,Yes,988
2025-06,Credit reporting or other personal consumer reports,Incorrect information on your report,Web,Untimely response,No,3
2025-06,Credit reporting or other personal consumer reports,Problem with a company's investigation into an existing issue,Web,Closed with explanation,Yes,5
2025-06,Credit reporting or other personal consumer reports,Problem with a company's investigation into an existing problem,Web,Closed with explanation,No,2
2025-06,Credit reporting or other personal consumer reports,Problem with a company's investigation into an existing problem,Web,Closed with explanation,Yes,348
2025-06,Credit reporting or other personal consumer reports,Problem with a company's investigation into an existing problem,Web,Closed with non-monetary relief,Yes,303
2025-06,Credit reporting or other personal consumer reports,Problem with a company's investigation into an existing problem,Web,Untimely response,No,2
2025-06,Credit reporting or other personal consumer reports,Problem with fraud alerts or security freezes,Web,Closed with explanation,Yes,8
2025-06,Credit reporting or other personal consumer reports,Unable to get your credit report or credit score,Web,Closed with explanation,Yes,20
2025-06,Credit reporting or other personal consumer reports,Unable to get your credit report or credit score,Web,Closed with non-monetary relief,Yes,6
2025-06,Debt collection,Attempts to collect debt not owed,Web,Closed with explanation,Yes,104
2025-06,Debt collection,Attempts to collect debt not owed,Web,Closed with non-monetary relief,Yes,37
2025-06,Debt collection,Communication tactics,Web,Closed with explanation,Yes,17
2025-06,Debt collection,Communication tactics,Web,Closed with non-monetary relief,Yes,6
2025-06,Debt collection,Communication tactics,Web,Untimely response,No,1
2025-06,Debt collection,Electronic communications,Web,Closed with explanation,Yes,3
2025-06,Debt collection,Electronic communications,Web,Closed with non-monetary relief,Yes,2
2025-06,Debt collection,False statements or representation,Web,Closed with explanation,Yes,35
2025-06,Debt collection,False statements or representation,Web,Closed with non-monetary relief,Yes,9
2025-06,Debt collection,Threatened to contact someone or share information improperly,Web,Closed with explanation,Yes,2
2025-06,Debt collection,Took or threatened to take negative or legal action,Web,Closed with explanation,Yes,10
2025-06,Debt collection,Took or threatened to take negative or legal action,Web,Closed with monetary relief,Yes,1
2025-06,Debt collection,Took or threatened to take negative or legal action,Web,Closed with non-monetary relief,Yes,4
2025-06,Debt collection,Written notification about debt,Web,Closed with explanation,Yes,59
2025-06,Debt collection,Written notification about debt,Web,Closed with non-monetary relief,Yes,29
2025-06,Debt or credit management,Charged upfront or unexpected fees,Web,Untimely response,No,1
2025-06,Debt or credit management,Confusing or misleading advertising or marketing,Web,Closed with explanation,Yes,1
2025-06,Debt or credit management,Confusing or missing disclosures,Web,Closed with explanation,Yes,2
2025-06,Debt or credit management,Didn't provide services promised,Web,Closed with explanation,Yes,1
2025-06,Debt or credit management,Didn't provide services promised,Web,Untimely response,No,1
2025-06,Debt or credit management,Problem with customer service,Web,Closed with explanation,Yes,1
2025-06,Debt or credit management,Problem with customer service,Web,Closed with non-monetary relief,Yes,1
2025-06,Debt or credit management,Unauthorized withdrawals or charges,Web,Closed with explanation,Yes,1
2025-06,"Money transfer, virtual currency, or money service",Fraud or scam,Web,Closed with explanation,No,3
2025-06,"Money transfer, virtual currency, or money service",Fraud or scam,Web,Closed with explanation,Yes,25
2025-06,"Money transfer, virtual currency, or money service",Fraud or scam,Web,Closed with monetary relief,Yes,3
2025-06,"Money transfer, virtual currency, or money service",Fraud or scam,Web,Closed with non-monetary relief,Yes,1
2025-06,"Money transfer, virtual currency, or money service","Managing, opening, or closing your mobile wallet account",Web,Closed with explanation,No,1
2025-06,"Money transfer, virtual currency, or money service","Managing, opening, or closing your mobile wallet account",Web,Closed with explanation,Yes,3
2025-06,"Money transfer, virtual currency, or money service",Money was not available when promised,Web,Closed with explanation,Yes,5
2025-06,"Money transfer, virtual currency, or money service",Money was not available when promised,Web,Closed with monetary relief,Yes,2
2025-06,"Money transfer, virtual currency, or money service",Other service problem,Web,Closed with explanation,Yes,2
2025-06,"Money transfer, virtual currency, or money service",Other transaction problem,Web,Closed with explanation,Yes,27
2025-06,"Money transfer, virtual currency, or money service",Other transaction problem,Web,Closed with monetary relief,Yes,2
2025-06,"Money transfer, virtual currency, or money service",Other transaction problem,Web,Closed with non-monetary relief,Yes,1
2025-06,"Money transfer, virtual currency, or money service",Problem with customer service,Web,Closed with explanation,Yes,1
2025-06,"Money transfer, virtual currency, or money service",Trouble accessing funds in your mobile or digital wallet,Web,Closed with explanation,No,2
2025-06,"Money transfer, virtual currency, or money service",Trouble accessing funds in your mobile or digital wallet,Web,Closed with explanation,Yes,5
2025-06,"Money transfer, virtual currency, or money service",Trouble accessing funds in your mobile or digital wallet,Web,Closed with non-monetary relief,Yes,1
2025-06,"Money transfer, virtual currency, or money service",Unauthorized transactions or other transaction problem,Web,Closed with explanation,Yes,13
2025-06,"Money transfer, virtual currency, or money service",Unauthorized transactions or other transaction problem,Web,Closed with monetary relief,Yes,1
2025-06,"Money transfer, virtual currency, or money service",Unexpected or other fees,Web,Closed with explanation,Yes,2
2025-06,"Money transfer, virtual currency, or money service",Unexpected or other fees,Web,Closed with monetary relief,Yes,1
2025-06,"Money transfer, virtual currency, or money service",Wrong amount charged or received,Web,Closed with explanation,Yes,3
2025-06,Mortgage,Applying for a mortgage or refinancing an existing mortgage,Web,Closed with explanation,Yes,2
2025-06,Mortgage,Closing on a mortgage,Web,Closed with explanation,Yes,3
2025-06,Mortgage,Incorrect information on your report,Web,Closed with explanation,Yes,2
2025-06,Mortgage,Incorrect information on your report,Web,Closed with monetary relief,Yes,1
2025-06,Mortgage,Problem with a company's investigation into an existing problem,Web,Closed with explanation,Yes,1
2025-06,Mortgage,Problem with fraud alerts or security freezes,Web,Closed with explanation,Yes,1
2025-06,Mortgage,Struggling to pay mortgage,Web,Closed with explanation,Yes,9
2025-06,Mortgage,Trouble during payment process,Web,Closed with explanation,Yes,22
2025-06,Mortgage,Trouble during payment process,Web,Closed with monetary relief,Yes,1
2025-06,Mortgage,Trouble during payment process,Web,Untimely response,No,1
2025-06,"Payday loan, title loan, personal loan, or advance loan",Charged fees or interest you didn't expect,Web,Closed with explanation,No,1
2025-06,"Payday loan, title loan, personal loan, or advance loan",Charged fees or interest you didn't expect,Web,Closed with explanation,Yes,3
2025-06,"Payday loan, title loan, personal loan, or advance loan",Problem when making payments,Web,Closed with explanation,No,1
2025-06,"Payday loan, title loan, personal loan, or advance loan",Problem when making payments,Web,Closed with explanation,Yes,7
2025-06,"Payday loan, title loan, personal loan, or advance loan",Problem with a company's investigation into an existing problem,Web,Closed with explanation,Yes,1
2025-06,"Payday loan, title loan, personal loan, or advance loan",Problem with the payoff process at the end of the loan,Web,Closed with explanation,Yes,4
2025-06,"Payday loan, title loan, personal loan, or advance loan",Problem with the payoff process at the end of the loan,Web,Closed with non-monetary relief,Yes,1
2025-06,"Payday loan, title loan, personal loan, or advance loan",Problems receiving the advance,Web,Closed with explanation,No,1
2025-06,"Payday loan, title loan, personal loan, or advance loan",Struggling to pay your loan,Web,Closed with explanation,Yes,1
2025-06,Prepaid card,Problem getting a card or closing an account,Web,Closed with explanation,Yes,2
2025-06,Prepaid card,Problem with a purchase or transfer,Web,Closed with explanation,Yes,3
2025-06,Prepaid card,Trouble using the card,Web,Closed with explanation,No,1
2025-06,Prepaid card,Trouble using the card,Web,Closed with explanation,Yes,10
2025-06,Prepaid card,Trouble using the card,Web,Closed with monetary relief,Yes,5
2025-06,Prepaid card,Trouble using the card,Web,Closed with non-monetary relief,Yes,1
2025-06,Student loan,Dealing with your lender or servicer,Web,Closed with explanation,No,15
2025-06,Student loan,Dealing with your lender or servicer,Web,Closed with explanation,Yes,23
2025-06,Student loan,Dealing with your lender or servicer,Web,Untimely response,No,2
2025-06,Student loan,Getting a loan,Web,Closed with explanation,Yes,1
2025-06,Student loan,Improper use of your report,Web,Closed with explanation,Yes,1
2025-06,Student loan,Improper use of your report,Web,Untimely response,No,1
2025-06,Student loan,Incorrect information on your report,Web,Closed with explanation,No,1
2025-06,Student loan,Incorrect information on your report,Web,Closed with explanation,Yes,3
2025-06,Student loan,Incorrect information on your report,Web,Untimely response,No,1
2025-06,Student loan,Problem with a company's investigation into an existing problem,Web,Closed with explanation,Yes,2
2025-06,Student loan,Problem with a company's investigation into an existing problem,Web,Untimely response,No,1
2025-06,Student loan,Struggling to repay your loan,Web,Closed with explanation,No,1
2025-06,Student loan,Struggling to repay your loan,Web,Closed with explanation,Yes,7
2025-06,Vehicle loan or lease,Getting a loan or lease,Web,Closed with explanation,Yes,2
2025-06,Vehicle loan or lease,Improper use of your report,Web,Closed with explanation,Yes,1
2025-06,Vehicle loan or lease,Incorrect information on your report,Web,Closed with explanation,Yes,3
2025-06,Vehicle loan or lease,Incorrect information on your report,Web,Closed with non-monetary relief,Yes,1
2025-06,Vehicle loan or lease,Managing the loan or lease,Web,Closed with explanation,Yes,7
2025-06,Vehicle loan or lease,Problems at the end of the loan or lease,Web,Closed with explanation,Yes,7
2025-06,Vehicle loan or lease,Repossession,Web,Closed with explanation,Yes,15
2025-06,Vehicle loan or lease,Repossession,Web,Closed with monetary relief,Yes,1
2025-06,Vehicle loan or lease,Repossession,Web,Closed with non-monetary relief,Yes,2
2025-06,Vehicle loan or lease,Struggling to pay your loan,Web,Closed with explanation,Yes,1
2025-06,Vehicle loan or lease,Struggling to pay your loan,Web,Closed with monetary relief,Yes,1
2025-07,Checking or savings account,Closing an account,Web,Closed with explanation,Yes,35
2025-07,Checking or savings account,Closing an account,Web,Closed with monetary relief,Yes,6
2025-07,Checking or savings account,Closing an account,Web,Closed with non-monetary relief,Yes,3
2025-07,Checking or savings account,Incorrect information on your report,Web,Closed with explanation,Yes,1
2025-07,Checking or savings account,Managing an account,Web,Closed with explanation,No,3
2025-07,Checking or savings account,Managing an account,Web,Closed with explanation,Yes,123
2025-07,Checking or savings account,Managing an account,Web,Closed with monetary relief,Yes,24
2025-07,Checking or savings account,Managing an account,Web,Closed with non-monetary relief,Yes,16
2025-07,Checking or savings account,Opening an account,Web,Closed with explanation,No,1
2025-07,Checking or savings account,Opening an account,Web,Closed with explanation,Yes,23
2025-07,Checking or savings account,Opening an account,Web,Closed with non-monetary relief,Yes,1
2025-07,Checking or savings account,Problem caused by your funds being low,Web,Closed with explanation,Yes,18
2025-07,Checking or savings account,Problem caused by your funds being low,Web,Closed with monetary relief,Yes,7
2025-07,Checking or savings account,Problem caused by your funds being low,Web,Closed with non-monetary relief,Yes,1
2025-07,Checking or savings account,Problem with a lender or other company charging your account,Web,Closed with explanation,Yes,30
2025-07,Checking or savings account,Problem with a lender or other company charging your account,Web,Closed with monetary relief,Yes,7
2025-07,Checking or savings account,Problem with a lender or other company charging your account,Web,Closed with non-monetary relief,Yes,2
2025-07,Checking or savings account,Problem with a lender or other company charging your account,Web,Untimely response,No,1
2025-07,Credit card,"Advertising and marketing, including promotional offers",Web,Closed with explanation,Yes,15
2025-07,Credit card,"Advertising and marketing, including promotional offers",Web,Closed with monetary relief,Yes,2
2025-07,Credit card,"Advertising and marketing, including promotional offers",Web,Closed with non-monetary relief,Yes,3
2025-07,Credit card,Closing your account,Web,Closed with explanation,Yes,22
2025-07,Credit card,Closing your account,Web,Closed with monetary relief,Yes,1
2025-07,Credit card,Closing your account,Web,Closed with non-monetary relief,Yes,3
2025-07,Credit card,Fees or interest,Web,Closed with explanation,Yes,25
2025-07,Credit card,Fees or interest,Web,Closed with monetary relief,Yes,13
2025-07,Credit card,Fees or interest,Web,Closed with non-monetary relief,Yes,3
2025-07,Credit card,Getting a credit card,Web,Closed with explanation,Yes,36
2025-07,Credit card,Getting a credit card,Web,Closed with non-monetary relief,Yes,7
2025-07,Credit card,Incorrect information on your report,Web,Closed with explanation,Yes,10
2025-07,Credit card,Incorrect information on your report,Web,Closed with non-monetary relief,Yes,2
2025-07,Credit card,"Other features, terms, or problems",Web,Closed with explanation,No,1
2025-07,Credit card,"Other features, terms, or problems",Web,Closed with explanation,Yes,24
2025-07,Credit card,"Other features, terms, or problems",Web,Closed with monetary relief,Yes,4
2025-07,Credit card,"Other features, terms, or problems",Web,Closed with non-monetary relief,Yes,6
2025-07,Credit card,"Other features, terms, or problems",Web,Untimely response,No,1
2025-07,Credit card,Problem when making payments,Web,Closed with explanation,Yes,5
2025-07,Credit card,Problem when making payments,Web,Closed with monetary relief,Yes,1
2025-07,Credit card,Problem when making payments,Web,Closed with non-monetary relief,Yes,2
2025-07,Credit card,Problem with a company's investigation into an existing problem,Web,Closed with explanation,Yes,5
2025-07,Credit card,Problem with a company's investigation into an existing problem,Web,Closed with non-monetary relief,Yes,3
2025-07,Credit card,Problem with a purchase shown on your statement,Web,Closed with explanation,Yes,45
2025-07,Credit card,Problem with a purchase shown on your statement,Web,Closed with monetary relief,Yes,29
2025-07,Credit card,Problem with a purchase shown on your statement,Web,Closed with non-monetary relief,Yes,2
2025-07,Credit card,Struggling to pay your bill,Web,Closed with explanation,Yes,3
2025-07,Credit card,Trouble using your card,Web,Closed with explanation,Yes,11
2025-07,Credit reporting or other personal consumer reports,Credit monitoring or identity theft protection services,Web,Closed with explanation,Yes,19
2025-07,Credit reporting or other personal consumer reports,Credit monitoring or identity theft protection services,Web,Closed with non-monetary relief,Yes,5
2025-07,Credit reporting or other personal consumer reports,Identity theft protection or other monitoring services,Web,Closed with explanation,Yes,3
2025-07,Credit reporting or other personal consumer reports,Improper use of your report,Web,Closed with explanation,No,1
2025-07,Credit reporting or other personal consumer reports,Improper use of your report,Web,Closed with explanation,Yes,678
2025-07,Credit reporting or other personal consumer reports,Improper use of your report,Web,Closed with non-monetary relief,Yes,517
2025-07,Credit reporting or other personal consumer reports,Incorrect information on your report,Web,Closed with explanation,No,3
2025-07,Credit reporting or other personal consumer reports,Incorrect information on your report,Web,Closed with explanation,Yes,1550
2025-07,Credit reporting or other personal consumer reports,Incorrect information on your report,Web,Closed with monetary relief,Yes,3
2025-07,Credit reporting or other personal consumer reports,Incorrect information on your report,Web,Closed with non-monetary relief,Yes,1210
2025-07,Credit reporting or other personal consumer reports,Problem with a company's investigation into an existing issue,Web,Closed with explanation,Yes,3
2025-07,Credit reporting or other personal consumer reports,Problem with a company's investigation into an existing problem,Web,Closed with explanation,Yes,399
2025-07,Credit reporting or other personal consumer reports,Problem with a company's investigation into an existing problem,Web,Closed with monetary relief,Yes,1
2025-07,Credit reporting or other personal consumer reports,Problem with a company's investigation into an existing problem,Web,Closed with non-monetary relief,Yes,339
2025-07,Credit reporting or other personal consumer reports,Problem with fraud alerts or security freezes,Web,Closed with explanation,Yes,16
2025-07,Credit reporting or other personal consumer reports,Problem with fraud alerts or security freezes,Web,Closed with non-monetary relief,Yes,6
2025-07,Credit reporting or other personal consumer reports,Unable to get your credit report or credit score,Web,Closed with explanation,Yes,17
2025-07,Credit reporting or other personal consumer reports,Unable to get your credit report or credit score,Web,Closed with non-monetary relief,Yes,2
2025-07,Debt collection,Attempts to collect debt not owed,Web,Closed with explanation,Yes,133
2025-07,Debt collection,Attempts to collect debt not owed,Web,Closed with non-monetary relief,Yes,48
2025-07,Debt collection,Communication tactics,Web,Closed with explanation,Yes,17
2025-07,Debt collection,Communication tactics,Web,Closed with non-monetary relief,Yes,5
2025-07,Debt collection,Electronic communications,Web,Closed with explanation,Yes,4
2025-07,Debt collection,Electronic communications,Web,Closed with non-monetary relief,Yes,1
2025-07,Debt collection,False statements or representation,Web,Closed with explanation,No,1
2025-07,Debt collection,False statements or representation,Web,Closed with explanation,Yes,36
2025-07,Debt collection,False statements or representation,Web,Closed with non-monetary relief,Yes,6
2025-07,Debt collection,Threatened to contact someone or share information improperly,Web,Closed with explanation,Yes,5
2025-07,Debt collection,Took or threatened to take negative or legal action,Web,Closed with explanation,Yes,18
2025-07,Debt collection,Took or threatened to take negative or legal action,Web,Closed with non-monetary relief,Yes,6
2025-07,Debt collection,Written notification about debt,Web,Closed with explanation,Yes,58
2025-07,Debt collection,Written notification about debt,Web,Closed with monetary relief,Yes,1
2025-07,Debt collection,Written notification about debt,Web,Closed with non-monetary relief,Yes,36
2025-07,Debt or credit management,Charged upfront or unexpected fees,Web,Closed with explanation,Yes,5
2025-07,Debt or credit management,Confusing or missing disclosures,Web,Closed with explanation,Yes,2
2025-07,Debt or credit management,Didn't provide services promised,Web,Closed with explanation,Yes,1
2025-07,Debt or credit management,Problem with customer service,Web,Closed with explanation,Yes,1
2025-07,Debt or credit management,Unauthorized withdrawals or charges,Web,Closed with explanation,Yes,1
2025-07,"Money transfer, virtual currency, or money service",Confusing or missing disclosures,Web,Closed with explanation,Yes,4
2025-07,"Money transfer, virtual currency, or money service",Fraud or scam,Web,Closed with explanation,No,1
2025-07,"Money transfer, virtual currency, or money service",Fraud or scam,Web,Closed with explanation,Yes,34
2025-07,"Money transfer, virtual currency, or money service",Fraud or scam,Web,Closed with monetary relief,Yes,3
2025-07,"Money transfer, virtual currency, or money service",Fraud or scam,Web,Closed with non-monetary relief,Yes,1
2025-07,"Money transfer, virtual currency, or money service",Lost or stolen money order,Web,Closed with explanation,Yes,1
2025-07,"Money transfer, virtual currency, or money service","Managing, opening, or closing your mobile wallet account",Web,Closed with explanation,No,1
2025-07,"Money transfer, virtual currency, or money service","Managing, opening, or closing your mobile wallet account",Web,Closed with explanation,Yes,3
2025-07,"Money transfer, virtual currency, or money service",Money was not available when promised,Web,Closed with explanation,No,1
2025-07,"Money transfer, virtual currency, or money service",Money was not available when promised,Web,Closed with explanation,Yes,4
2025-07,"Money transfer, virtual currency, or money service",Money was not available when promised,Web,Closed with monetary relief,Yes,1
2025-07,"Money transfer, virtual currency, or money service",Other service problem,Web,Closed with explanation,Yes,5
2025-07,"Money transfer, virtual currency, or money service",Other transaction problem,Web,Closed with explanation,Yes,22
2025-07,"Money transfer, virtual currency, or money service",Other transaction problem,Web,Closed with monetary relief,Yes,3
2025-07,"Money transfer, virtual currency, or money service",Other transaction problem,Web,Closed with non-monetary relief,Yes,1
2025-07,"Money transfer, virtual currency, or money service",Problem with customer service,Web,Closed with explanation,Yes,1
2025-07,"Money transfer, virtual currency, or money service",Trouble accessing funds in your mobile or digital wallet,Web,Closed with explanation,No,1
2025-07,"Money transfer, virtual currency, or money service",Trouble accessing funds in your mobile or digital wallet,Web,Closed with explanation,Yes,9
2025-07,"Money transfer, virtual currency, or money service",Trouble accessing funds in your mobile or digital wallet,Web,Closed with monetary relief,Yes,2
2025-07,"Money transfer, virtual currency, or money service",Trouble accessing funds in your mobile or digital wallet,Web,Closed with non-monetary relief,Yes,2
2025-07,"Money transfer, virtual currency, or money service",Trouble accessing funds in your mobile or digital wallet,Web,Untimely response,No,1
2025-07,"Money transfer, virtual currency, or money service",Unauthorized transactions or other transaction problem,Web,Closed with explanation,No,1
2025-07,"Money transfer, virtual currency, or money service",Unauthorized transactions or other transaction problem,Web,Closed with explanation,Yes,9
2025-07,"Money transfer, virtual currency, or money service",Unauthorized transactions or other transaction problem,Web,Closed with monetary relief,Yes,3
2025-07,"Money transfer, virtual currency, or money service",Unauthorized transactions or other transaction problem,Web,Closed with non-monetary relief,Yes,1
2025-07,"Money transfer, virtual currency, or money service",Unexpected or other fees,Web,Closed with explanation,No,1
2025-07,"Money transfer, virtual currency, or money service",Unexpected or other fees,Web,Closed with explanation,Yes,2
2025-07,"Money transfer, virtual currency, or money service",Wrong amount charged or received,Web,Closed with explanation,Yes,1
2025-07,Mortgage,Applying for a mortgage or refinancing an existing mortgage,Web,Closed with explanation,Yes,6
2025-07,Mortgage,Closing on a mortgage,Web,Closed with explanation,Yes,4
2025-07,Mortgage,Incorrect information on your report,Web,Closed with explanation,Yes,1
2025-07,Mortgage,Struggling to pay mortgage,Web,Closed with explanation,Yes,11
2025-07,Mortgage,Trouble during payment process,Web,Closed with explanation,Yes,24
2025-07,Mortgage,Trouble during payment process,Web,Closed with non-monetary relief,Yes,2
2025-07,"Payday loan, title loan, personal loan, or advance loan",Can't stop withdrawals from your bank account,Web,Closed with explanation,Yes,1
2025-07,"Payday loan, title loan, personal loan, or advance loan",Charged fees or interest you didn't expect,Web,Closed with explanation,Yes,6
2025-07,"Payday loan, title loan, personal loan, or advance loan",Getting a line of credit,Web,Closed with explanation,Yes,3
2025-07,"Payday loan, title loan, personal loan, or advance loan",Getting the loan,Web,Closed with explanation,Yes,3
2025-07,"Payday loan, title loan, personal loan, or advance loan",Incorrect information on your report,Web,Closed with explanation,Yes,1
2025-07,"Payday loan, title loan, personal loan, or advance loan",Loan payment wasn't credited to your account,Web,Closed with explanation,Yes,1
2025-07,"Payday loan, title loan, personal loan, or advance loan",Problem when making payments,Web,Closed with explanation,Yes,5
2025-07,"Payday loan, title loan, personal loan, or advance loan",Problem with additional add-on products or services,Web,Closed with explanation,Yes,3
2025-07,"Payday loan, title loan, personal loan, or advance loan",Problem with additional add-on products or services,Web,Closed with monetary relief,Yes,1
2025-07,"Payday loan, title loan, personal loan, or advance loan",Problem with the payoff process at the end of the loan,Web,Closed with non-monetary relief,Yes,1
2025-07,"Payday loan, title loan, personal loan, or advance loan",Struggling to pay your loan,Web,Closed with non-monetary relief,Yes,1
2025-07,Prepaid card,Advertising,Web,Closed with explanation,Yes,1
2025-07,Prepaid card,Problem getting a card or closing an account,Web,Closed with explanation,Yes,2
2025-07,Prepaid card,Problem with a purchase or transfer,Web,Closed with explanation,Yes,6
2025-07,Prepaid card,Trouble using the card,Web,Closed with explanation,No,1
2025-07,Prepaid card,Trouble using the card,Web,Closed with explanation,Yes,5
2025-07,Prepaid card,Trouble using the card,Web,Closed with monetary relief,Yes,2
2025-07,Student loan,Dealing with your lender or servicer,Web,Closed with explanation,No,4
2025-07,Student loan,Dealing with your lender or servicer,Web,Closed with explanation,Yes,13
2025-07,Student loan,Dealing with your lender or servicer,Web,Untimely response,No,15
2025-07,Student loan,Getting a loan,Web,Closed with explanation,Yes,1
2025-07,Student loan,Incorrect information on your report,Web,Closed with explanation,Yes,3
2025-07,Student loan,Incorrect information on your report,Web,Untimely response,No,2
2025-07,Student loan,Problem with a company's investigation into an existing problem,Web,Closed with explanation,Yes,2
2025-07,Student loan,Struggling to repay your loan,Web,Closed with explanation,Yes,14
2025-07,Student loan,Struggling to repay your loan,Web,Untimely response,No,8
2025-07,Vehicle loan or lease,Getting a loan or lease,Web,Closed with explanation,Yes,7
2025-07,Vehicle loan or lease,Getting a loan or lease,Web,Closed with monetary relief,Yes,1
2025-07,Vehicle loan or lease,Incorrect information on your report,Web,Closed with explanation,Yes,6
2025-07,Vehicle loan or lease,Managing the loan or lease,Web,Closed with explanation,Yes,12
2025-07,Vehicle loan or lease,Problem with a company's investigation into an existing problem,Web,Closed with monetary relief,Yes,1
2025-07,Vehicle loan or lease,Problems at the end of the loan or lease,Web,Closed with explanation,Yes,4
2025-07,Vehicle loan or lease,Problems at the end of the loan or lease,Web,Closed with non-monetary relief,Yes,1
2025-07,Vehicle loan or lease,Repossession,Web,Closed with explanation,Yes,13
2025-07,Vehicle loan or lease,Repossession,Web,Closed with monetary relief,Yes,1
2025-07,Vehicle loan or lease,Struggling to pay your loan,Web,Closed with explanation,Yes,3
2025-08,Checking or savings account,Closing an account,Web,Closed with explanation,Yes,28
2025-08,Checking or savings account,Closing an account,Web,Closed with monetary relief,Yes,5
2025-08,Checking or savings account,Closing an account,Web,Closed with non-monetary relief,Yes,3
2025-08,Checking or savings account,Managing an account,Web,Closed with explanation,Yes,120
2025-08,Checking or savings account,Managing an account,Web,Closed with monetary relief,Yes,17
2025-08,Checking or savings account,Managing an account,Web,Closed with non-monetary relief,Yes,11
2025-08,Checking or savings account,Opening an account,Web,Closed with explanation,Yes,15
2025-08,Checking or savings account,Opening an account,Web,Closed with non-monetary relief,Yes,1
2025-08,Checking or savings account,Problem caused by your funds being low,Web,Closed with explanation,Yes,5
2025-08,Checking or savings account,Problem caused by your funds being low,Web,Closed with monetary relief,Yes,7
2025-08,Checking or savings account,Problem with a company's investigation into an existing problem,Web,Closed with explanation,Yes,1
2025-08,Checking or savings account,Problem with a lender or other company charging your account,Web,Closed with explanation,Yes,33
2025-08,Checking or savings account,Problem with a lender or other company charging your account,Web,Closed with monetary relief,Yes,6
2025-08,Checking or savings account,Problem with a lender or other company charging your account,Web,Closed with non-monetary relief,Yes,1
2025-08,Checking or savings account,Problem with fraud alerts or security freezes,Web,Closed with explanation,Yes,1
2025-08,Credit card,"Advertising and marketing, including promotional offers",Web,Closed with explanation,Yes,10
2025-08,Credit card,"Advertising and marketing, including promotional offers",Web,Closed with monetary relief,Yes,3
2025-08,Credit card,"Advertising and marketing, including promotional offers",Web,Closed with non-monetary relief,Yes,1
2025-08,Credit card,Closing your account,Web,Closed with explanation,Yes,15
2025-08,Credit card,Closing your account,Web,Closed with non-monetary relief,Yes,4
2025-08,Credit card,Fees or interest,Web,Closed with explanation,Yes,18
2025-08,Credit card,Fees or interest,Web,Closed with monetary relief,Yes,11
2025-08,Credit card,Fees or interest,Web,Closed with non-monetary relief,Yes,2
2025-08,Credit card,Getting a credit card,Web,Closed with explanation,Yes,21
2025-08,Credit card,Getting a credit card,Web,Closed with non-monetary relief,Yes,7
2025-08,Credit card,Improper use of your report,Web,Closed with explanation,Yes,1
2025-08,Credit card,Improper use of your report,Web,Closed with non-monetary relief,Yes,1
2025-08,Credit card,Incorrect information on your report,Web,Closed with explanation,Yes,6
2025-08,Credit card,"Other features, terms, or problems",Web,Closed with explanation,Yes,25
2025-08,Credit card,"Other features, terms, or problems",Web,Closed with monetary relief,Yes,6
2025-08,Credit card,"Other features, terms, or problems",Web,Closed with non-monetary relief,Yes,4
2025-08,Credit card,"Other features, terms, or problems",Web,Untimely response,No,1
2025-08,Credit card,Problem when making payments,Web,Closed with explanation,Yes,6
2025-08,Credit card,Problem when making payments,Web,Closed with monetary relief,Yes,3
2025-08,Credit card,Problem when making payments,Web,Closed with non-monetary relief,Yes,1
2025-08,Credit card,Problem with a company's investigation into an existing problem,Web,Closed with explanation,Yes,11
2025-08,Credit card,Problem with a company's investigation into an existing problem,Web,Closed with non-monetary relief,Yes,6
2025-08,Credit card,Problem with a purchase shown on your statement,Web,Closed with explanation,Yes,52
2025-08,Credit card,Problem with a purchase shown on your statement,Web,Closed with monetary relief,Yes,38
2025-08,Credit card,Problem with a purchase shown on your statement,Web,Closed with non-monetary relief,Yes,2
2025-08,Credit card,Problem with fraud alerts or security freezes,Web,Closed with explanation,Yes,1
2025-08,Credit card,Struggling to pay your bill,Web,Closed with explanation,Yes,3
2025-08,Credit card,Struggling to pay your bill,Web,Closed with non-monetary relief,Yes,1
2025-08,Credit card,Trouble using your card,Web,Closed with explanation,Yes,11
2025-08,Credit reporting or other personal consumer reports,Credit monitoring or identity theft protection services,Web,Closed with explanation,Yes,15
2025-08,Credit reporting or other personal consumer reports,Credit monitoring or identity theft protection services,Web,Closed with non-monetary relief,Yes,5
2025-08,Credit reporting or other personal consumer reports,Identity theft protection or other monitoring services,Web,Closed with explanation,Yes,3
2025-08,Credit reporting or other personal consumer reports,Identity theft protection or other monitoring services,Web,Closed with non-monetary relief,Yes,1
2025-08,Credit reporting or other personal consumer reports,Improper use of your report,Web,Closed with explanation,No,1
2025-08,Credit reporting or other personal consumer reports,Improper use of your report,Web,Closed with explanation,Yes,699
2025-08,Credit reporting or other personal consumer reports,Improper use of your report,Web,Closed with non-monetary relief,Yes,336
2025-08,Credit reporting or other personal consumer reports,Improper use of your report,Web,Untimely response,No,1
2025-08,Credit reporting or other personal consumer reports,Incorrect information on your report,Web,Closed with explanation,No,2
2025-08,Credit reporting or other personal consumer reports,Incorrect information on your report,Web,Closed with explanation,Yes,1563
2025-08,Credit reporting or other personal consumer reports,Incorrect information on your report,Web,Closed with monetary relief,Yes,3
2025-08,Credit reporting or other personal consumer reports,Incorrect information on your report,Web,Closed with non-monetary relief,Yes,758
2025-08,Credit reporting or other personal consumer reports,Incorrect information on your report,Web,Untimely response,No,2
2025-08,Credit reporting or other personal consumer reports,Problem with a company's investigation into an existing issue,Web,Closed with explanation,No,1
2025-08,Credit reporting or other personal consumer reports,Problem with a company's investigation into an existing issue,Web,Closed with explanation,Yes,1
2025-08,Credit reporting or other personal consumer reports,Problem with a company's investigation into an existing problem,Web,Closed with explanation,Yes,399
2025-08,Credit reporting or other personal consumer reports,Problem with a company's investigation into an existing problem,Web,Closed with non-monetary relief,Yes,176
2025-08,Credit reporting or other personal consumer reports,Problem with fraud alerts or security freezes,Web,Closed with explanation,Yes,11
2025-08,Credit reporting or other personal consumer reports,Problem with fraud alerts or security freezes,Web,Closed with non-monetary relief,Yes,3
2025-08,Credit reporting or other personal consumer reports,Unable to get your credit report or credit score,Web,Closed with explanation,Yes,4
2025-08,Credit reporting or other personal consumer reports,Unable to get your credit report or credit score,Web,Closed with non-monetary relief,Yes,2
2025-08,Debt collection,Attempts to collect debt not owed,Web,Closed with explanation,No,1
2025-08,Debt collection,Attempts to collect debt not owed,Web,Closed with explanation,Yes,129
2025-08,Debt collection,Attempts to collect debt not owed,Web,Closed with non-monetary relief,No,1
2025-08,Debt collection,Attempts to collect debt not owed,Web,Closed with non-monetary relief,Yes,44
2025-08,Debt collection,Communication tactics,Web,Closed with explanation,No,2
2025-08,Debt collection,Communication tactics,Web,Closed with explanation,Yes,18
2025-08,Debt collection,Communication tactics,Web,Closed with non-monetary relief,Yes,8
2025-08,Debt collection,Electronic communications,Web,Closed with explanation,Yes,5
2025-08,Debt collection,Electronic communications,Web,Closed with non-monetary relief,Yes,2
2025-08,Debt collection,False statements or representation,Web,Closed with explanation,Yes,35
2025-08,Debt collection,False statements or representation,Web,Closed with monetary relief,Yes,1
2025-08,Debt collection,False statements or representation,Web,Closed with non-monetary relief,Yes,13
2025-08,Debt collection,Threatened to contact someone or share information improperly,Web,Closed with explanation,Yes,7
2025-08,Debt collection,Threatened to contact someone or share information improperly,Web,Closed with non-monetary relief,Yes,3
2025-08,Debt collection,Took or threatened to take negative or legal action,Web,Closed with explanation,Yes,21
2025-08,Debt collection,Took or threatened to take negative or legal action,Web,Closed with non-monetary relief,Yes,8
2025-08,Debt collection,Took or threatened to take negative or legal action,Web,Untimely response,No,1
2025-08,Debt collection,Written notification about debt,Web,Closed with explanation,Yes,66
2025-08,Debt collection,Written notification about debt,Web,Closed with non-monetary relief,Yes,21
2025-08,Debt or credit management,Charged upfront or unexpected fees,Web,Closed with explanation,Yes,3
2025-08,Debt or credit management,Charged upfront or unexpected fees,Web,Closed with monetary relief,Yes,1
2025-08,Debt or credit management,Confusing or missing disclosures,Web,Closed with explanation,Yes,1
2025-08,Debt or credit management,Didn't provide services promised,Web,Closed with explanation,Yes,4
2025-08,Debt or credit management,Problem with customer service,Web,Closed with explanation,Yes,1
2025-08,Debt or credit management,Unauthorized withdrawals or charges,Web,Closed with explanation,Yes,3
2025-08,Debt or credit management,Unauthorized withdrawals or charges,Web,Closed with non-monetary relief,Yes,1
2025-08,"Money transfer, virtual currency, or money service",Confusing or missing disclosures,Web,Closed with explanation,Yes,1
2025-08,"Money transfer, virtual currency, or money service",Fraud or scam,Web,Closed with explanation,Yes,49
2025-08,"Money transfer, virtual currency, or money service",Fraud or scam,Web,Closed with monetary relief,Yes,4
2025-08,"Money transfer, virtual currency, or money service",Fraud or scam,Web,Closed with non-monetary relief,Yes,2
2025-08,"Money transfer, virtual currency, or money service",Lost or stolen money order,Web,Closed with explanation,Yes,1
2025-08,"Money transfer, virtual currency, or money service",Lost or stolen money order,Web,Closed with monetary relief,Yes,1
2025-08,"Money transfer, virtual currency, or money service",Lost or stolen money order,Web,Closed with non-monetary relief,Yes,1
2025-08,"Money transfer, virtual currency, or money service","Managing, opening, or closing your mobile wallet account",Web,Closed with explanation,Yes,4
2025-08,"Money transfer, virtual currency, or money service","Managing, opening, or closing your mobile wallet account",Web,Closed with non-monetary relief,Yes,1
2025-08,"Money transfer, virtual currency, or money service",Money was not available when promised,Web,Closed with explanation,Yes,4
2025-08,"Money transfer, virtual currency, or money service",Money was not available when promised,Web,Closed with monetary relief,Yes,1
2025-08,"Money transfer, virtual currency, or money service",Money was not available when promised,Web,Closed with non-monetary relief,Yes,1
2025-08,"Money transfer, virtual currency, or money service",Other service problem,Web,Closed with explanation,Yes,3
2025-08,"Money transfer, virtual currency, or money service",Other transaction problem,Web,Closed with explanation,Yes,19
2025-08,"Money transfer, virtual currency, or money service",Other transaction problem,Web,Closed with monetary relief,Yes,1
2025-08,"Money transfer, virtual currency, or money service",Other transaction problem,Web,Closed with non-monetary relief,Yes,1
2025-08,"Money transfer, virtual currency, or money service",Trouble accessing funds in your mobile or digital wallet,Web,Closed with explanation,Yes,12
2025-08,"Money transfer, virtual currency, or money service",Trouble accessing funds in your mobile or digital wallet,Web,Closed with non-monetary relief,Yes,2
2025-08,"Money transfer, virtual currency, or money service",Unauthorized transactions or other transaction problem,Web,Closed with explanation,Yes,12
2025-08,"Money transfer, virtual currency, or money service",Unauthorized transactions or other transaction problem,Web,Closed with monetary relief,Yes,2
2025-08,"Money transfer, virtual currency, or money service",Unauthorized transactions or other transaction problem,Web,Closed with non-monetary relief,Yes,1
2025-08,"Money transfer, virtual currency, or money service",Unexpected or other fees,Web,Closed with explanation,Yes,3
2025-08,"Money transfer, virtual currency, or money service",Wrong amount charged or received,Web,Closed with explanation,Yes,1
2025-08,Mortgage,Applying for a mortgage or refinancing an existing mortgage,Web,Closed with explanation,Yes,6
2025-08,Mortgage,Applying for a mortgage or refinancing an existing mortgage,Web,Closed with monetary relief,Yes,1
2025-08,Mortgage,Closing on a mortgage,Web,Closed with explanation,Yes,6
2025-08,Mortgage,Credit monitoring or identity theft protection services,Web,Closed with explanation,Yes,1
2025-08,Mortgage,Problem with a company's investigation into an existing problem,Web,Closed with explanation,Yes,1
2025-08,Mortgage,Struggling to pay mortgage,Web,Closed with explanation,Yes,2
2025-08,Mortgage,Trouble during payment process,Web,Closed with explanation,Yes,21
2025-08,Mortgage,Trouble during payment process,Web,Closed with monetary relief,Yes,2
2025-08,Mortgage,Trouble during payment process,Web,Untimely response,No,1
2025-08,"Payday loan, title loan, personal loan, or advance loan",Can't contact lender or servicer,Web,Closed with explanation,Yes,1
2025-08,"Payday loan, title loan, personal loan, or advance loan",Can't stop withdrawals from your bank account,Web,Closed with explanation,Yes,1
2025-08,"Payday loan, title loan, personal loan, or advance loan",Charged fees or interest you didn't expect,Web,Closed with explanation,No,1
2025-08,"Payday loan, title loan, personal loan, or advance loan",Charged fees or interest you didn't expect,Web,Closed with explanation,Yes,4
2025-08,"Payday loan, title loan, personal loan, or advance loan",Charged fees or interest you didn't expect,Web,Closed with monetary relief,Yes,1
2025-08,"Payday loan, title loan, personal loan, or advance loan",Charged fees or interest you didn't expect,Web,Untimely response,No,1
2025-08,"Payday loan, title loan, personal loan, or advance loan",Confusing or missing disclosures,Web,Closed with explanation,Yes,1
2025-08,"Payday loan, title loan, personal loan, or advance loan",Getting the loan,Web,Closed with explanation,Yes,2
2025-08,"Payday loan, title loan, personal loan, or advance loan",Problem when making payments,Web,Closed with explanation,Yes,3
2025-08,"Payday loan, title loan, personal loan, or advance loan",Problem when making payments,Web,Closed with non-monetary relief,Yes,1
2025-08,"Payday loan, title loan, personal loan, or advance loan",Problem with additional add-on products or services,Web,Closed with explanation,Yes,4
2025-08,"Payday loan, title loan, personal loan, or advance loan",Problem with the payoff process at the end of the loan,Web,Closed with explanation,Yes,1
2025-08,"Payday loan, title loan, personal loan, or advance loan",Received a loan you didn't apply for,Web,Closed with explanation,Yes,2
2025-08,"Payday loan, title loan, personal loan, or advance loan",Struggling to pay your loan,Web,Closed with explanation,Yes,1
2025-08,Prepaid card,Problem getting a card or closing an account,Web,Closed with explanation,Yes,1
2025-08,Prepaid card,Problem with a purchase or transfer,Web,Closed with explanation,Yes,4
2025-08,Prepaid card,Problem with a purchase or transfer,Web,Closed with non-monetary relief,Yes,1
2025-08,Prepaid card,Trouble using the card,Web,Closed with explanation,Yes,8
2025-08,Prepaid card,Trouble using the card,Web,Closed with monetary relief,Yes,2
2025-08,Prepaid card,Trouble using the card,Web,Closed with non-monetary relief,Yes,1
2025-08,Prepaid card,Unexpected or other fees,Web,Closed with explanation,No,1
2025-08,Prepaid card,Unexpected or other fees,Web,Closed with explanation,Yes,2
2025-08,Student loan,Credit monitoring or identity theft protection services,Web,Closed with explanation,Yes,1
2025-08,Student loan,Dealing with your lender or servicer,Web,Closed with explanation,Yes,18
2025-08,Student loan,Dealing with your lender or servicer,Web,Untimely response,No,6
2025-08,Student loan,Getting a loan,Web,Closed with explanation,Yes,3
2025-08,Student loan,Incorrect information on your report,Web,Closed with explanation,Yes,1
2025-08,Student loan,Incorrect information on your report,Web,Untimely response,No,1
2025-08,Student loan,Problem with a company's investigation into an existing problem,Web,Closed with non-monetary relief,Yes,1
2025-08,Student loan,Struggling to repay your loan,Web,Closed with explanation,No,1
2025-08,Student loan,Struggling to repay your loan,Web,Closed with explanation,Yes,7
2025-08,Student loan,Struggling to repay your loan,Web,Untimely response,No,1
2025-08,Vehicle loan or lease,Getting a loan or lease,Web,Closed with explanation,Yes,6
2025-08,Vehicle loan or lease,Incorrect information on your report,Web,Closed with non-monetary relief,Yes,1
2025-08,Vehicle loan or lease,Managing the loan or lease,Web,Closed with explanation,Yes,9
2025-08,Vehicle loan or lease,Managing the loan or lease,Web,Closed with non-monetary relief,Yes,1
2025-08,Vehicle loan or lease,Problems at the end of the loan or lease,Web,Closed with explanation,Yes,4
2025-08,Vehicle loan or lease,Repossession,Web,Closed with explanation,Yes,7
2025-08,Vehicle loan or lease,Repossession,Web,Closed with non-monetary relief,Yes,1
2025-08,Vehicle loan or lease,Struggling to pay your loan,Web,Closed with explanation,Yes,2
2025-09,Checking or savings account,Closing an account,Web,Closed with explanation,Yes,47
2025-09,Checking or savings account,Closing an account,Web,Closed with monetary relief,Yes,7
2025-09,Checking or savings account,Managing an account,Web,Closed with explanation,Yes,115
2025-09,Checking or savings account,Managing an account,Web,Closed with monetary relief,Yes,18
2025-09,Checking or savings account,Managing an account,Web,Closed with non-monetary relief,Yes,16
2025-09,Checking or savings account,Opening an account,Web,Closed with explanation,Yes,8
2025-09,Checking or savings account,Opening an account,Web,Closed with monetary relief,Yes,3
2025-09,Checking or savings account,Opening an account,Web,Closed with non-monetary relief,Yes,1
2025-09,Checking or savings account,Problem caused by your funds being low,Web,Closed with explanation,Yes,10
2025-09,Checking or savings account,Problem caused by your funds being low,Web,Closed with monetary relief,Yes,2
2025-09,Checking or savings account,Problem caused by your funds being low,Web,Closed with non-monetary relief,Yes,3
2025-09,Checking or savings account,Problem with a lender or other company charging your account,Web,Closed with explanation,Yes,27
2025-09,Checking or savings account,Problem with a lender or other company charging your account,Web,Closed with monetary relief,Yes,9
2025-09,Checking or savings account,Problem with a lender or other company charging your account,Web,Closed with non-monetary relief,Yes,1
2025-09,Credit card,"Advertising and marketing, including promotional offers",Web,Closed with explanation,Yes,7
2025-09,Credit card,"Advertising and marketing, including promotional offers",Web,Closed with monetary relief,Yes,3
2025-09,Credit card,Closing your account,Web,Closed with explanation,Yes,22
2025-09,Credit card,Closing your account,Web,Closed with monetary relief,Yes,1
2025-09,Credit card,Closing your account,Web,Closed with non-monetary relief,Yes,2
2025-09,Credit card,Credit monitoring or identity theft protection services,Web,Closed with explanation,Yes,2
2025-09,Credit card,Fees or interest,Web,Closed with explanation,Yes,16
2025-09,Credit card,Fees or interest,Web,Closed with monetary relief,Yes,6
2025-09,Credit card,Fees or interest,Web,Closed with non-monetary relief,Yes,1
2025-09,Credit card,Getting a credit card,Web,Closed with explanation,Yes,25
2025-09,Credit card,Getting a credit card,Web,Closed with monetary relief,Yes,1
2025-09,Credit card,Getting a credit card,Web,Closed with non-monetary relief,Yes,9
2025-09,Credit card,Incorrect information on your report,Web,Closed with explanation,Yes,23
2025-09,Credit card,Incorrect information on your report,Web,Closed with monetary relief,Yes,1
2025-09,Credit card,Incorrect information on your report,Web,Closed with non-monetary relief,Yes,3
2025-09,Credit card,"Other features, terms, or problems",Web,Closed with explanation,Yes,21
2025-09,Credit card,"Other features, terms, or problems",Web,Closed with monetary relief,Yes,5
2025-09,Credit card,"Other features, terms, or problems",Web,Closed with non-monetary relief,Yes,9
2025-09,Credit card,Problem when making payments,Web,Closed with explanation,Yes,5
2025-09,Credit card,Problem when making payments,Web,Closed with non-monetary relief,Yes,1
2025-09,Credit card,Problem with a company's investigation into an existing problem,Web,Closed with explanation,Yes,20
2025-09,Credit card,Problem with a company's investigation into an existing problem,Web,Closed with non-monetary relief,Yes,4
2025-09,Credit card,Problem with a purchase shown on your statement,Web,Closed with explanation,Yes,53
2025-09,Credit card,Problem with a purchase shown on your statement,Web,Closed with monetary relief,Yes,25
2025-09,Credit card,Problem with a purchase shown on your statement,Web,Closed with non-monetary relief,Yes,2
2025-09,Credit card,Struggling to pay your bill,Web,Closed with explanation,Yes,4
2025-09,Credit card,Struggling to pay your bill,Web,Closed with non-monetary relief,Yes,1
2025-09,Credit card,Trouble using your card,Web,Closed with explanation,Yes,10
2025-09,Credit card,Trouble using your card,Web,Closed with monetary relief,Yes,3
2025-09,Credit reporting or other personal consumer reports,Credit monitoring or identity theft protection services,Web,Closed with explanation,Yes,14
2025-09,Credit reporting or other personal consumer reports,Credit monitoring or identity theft protection services,Web,Closed with non-monetary relief,Yes,5
2025-09,Credit reporting or other personal consumer reports,Improper use of your report,Web,Closed with explanation,No,1
2025-09,Credit reporting or other personal consumer reports,Improper use of your report,Web,Closed with explanation,Yes,507
2025-09,Credit reporting or other personal consumer reports,Improper use of your report,Web,Closed with non-monetary relief,Yes,272
2025-09,Credit reporting or other personal consumer reports,Incorrect information on your report,Web,Closed with explanation,No,1
2025-09,Credit reporting or other personal consumer reports,Incorrect information on your report,Web,Closed with explanation,Yes,950
2025-09,Credit reporting or other personal consumer reports,Incorrect information on your report,Web,Closed with non-monetary relief,Yes,513
2025-09,Credit reporting or other personal consumer reports,Incorrect information on your report,Web,Untimely response,No,1
2025-09,Credit reporting or other personal consumer reports,Problem with a company's investigation into an existing issue,Web,Closed with explanation,Yes,1
2025-09,Credit reporting or other personal consumer reports,Problem with a company's investigation into an existing problem,Web,Closed with explanation,Yes,219
2025-09,Credit reporting or other personal consumer reports,Problem with a company's investigation into an existing problem,Web,Closed with non-monetary relief,Yes,134
2025-09,Credit reporting or other personal consumer reports,Problem with fraud alerts or security freezes,Web,Closed with explanation,Yes,8
2025-09,Credit reporting or other personal consumer reports,Problem with fraud alerts or security freezes,Web,Closed with non-monetary relief,Yes,3
2025-09,Credit reporting or other personal consumer reports,Unable to get your credit report or credit score,Web,Closed with explanation,Yes,9
2025-09,Credit reporting or other personal consumer reports,Unable to get your credit report or credit score,Web,Closed with non-monetary relief,Yes,2
2025-09,Debt collection,Attempts to collect debt not owed,Web,Closed with explanation,Yes,104
2025-09,Debt collection,Attempts to collect debt not owed,Web,Closed with non-monetary relief,Yes,27
2025-09,Debt collection,Communication tactics,Web,Closed with explanation,Yes,17
2025-09,Debt collection,Communication tactics,Web,Closed with non-monetary relief,Yes,7
2025-09,Debt collection,Electronic communications,Web,Closed with explanation,Yes,9
2025-09,Debt collection,Electronic communications,Web,Closed with non-monetary relief,Yes,2
2025-09,Debt collection,False statements or representation,Web,Closed with explanation,No,1
2025-09,Debt collection,False statements or representation,Web,Closed with explanation,Yes,39
2025-09,Debt collection,False statements or representation,Web,Closed with non-monetary relief,Yes,12
2025-09,Debt collection,Threatened to contact someone or share information improperly,Web,Closed with explanation,Yes,6
2025-09,Debt collection,Threatened to contact someone or share information improperly,Web,Closed with non-monetary relief,Yes,2
2025-09,Debt collection,Took or threatened to take negative or legal action,Web,Closed with explanation,No,1
2025-09,Debt collection,Took or threatened to take negative or legal action,Web,Closed with explanation,Yes,27
2025-09,Debt collection,Took or threatened to take negative or legal action,Web,Closed with non-monetary relief,Yes,6
2025-09,Debt collection,Written notification about debt,Web,Closed with explanation,No,1
2025-09,Debt collection,Written notification about debt,Web,Closed with explanation,Yes,78
2025-09,Debt collection,Written notification about debt,Web,Closed with non-monetary relief,Yes,22
2025-09,Debt or credit management,Charged upfront or unexpected fees,Web,Untimely response,No,1
2025-09,Debt or credit management,Confusing or misleading advertising or marketing,Web,Closed with explanation,Yes,1
2025-09,Debt or credit management,Confusing or missing disclosures,Web,Closed with explanation,No,1
2025-09,Debt or credit management,Confusing or missing disclosures,Web,Closed with explanation,Yes,1
2025-09,Debt or credit management,Didn't provide services promised,Web,Closed with explanation,No,1
2025-09,Debt or credit management,Didn't provide services promised,Web,Closed with explanation,Yes,2
2025-09,Debt or credit management,Problem with customer service,Web,Closed with non-monetary relief,Yes,1
2025-09,"Money transfer, virtual currency, or money service",Confusing or missing disclosures,Web,Closed with explanation,No,1
2025-09,"Money transfer, virtual currency, or money service",Confusing or missing disclosures,Web,Closed with explanation,Yes,3
2025-09,"Money transfer, virtual currency, or money service",Fraud or scam,Web,Closed with explanation,Yes,31
2025-09,"Money transfer, virtual currency, or money service",Fraud or scam,Web,Closed with non-monetary relief,Yes,2
2025-09,"Money transfer, virtual currency, or money service",Lost or stolen money order,Web,Closed with explanation,Yes,2
2025-09,"Money transfer, virtual currency, or money service","Managing, opening, or closing your mobile wallet account",Web,Closed with explanation,Yes,7
2025-09,"Money transfer, virtual currency, or money service",Money was not available when promised,Web,Closed with explanation,No,1
2025-09,"Money transfer, virtual currency, or money service",Money was not available when promised,Web,Closed with explanation,Yes,2
2025-09,"Money transfer, virtual currency, or money service",Other service problem,Web,Closed with explanation,No,1
2025-09,"Money transfer, virtual currency, or money service",Other service problem,Web,Closed with explanation,Yes,3
2025-09,"Money transfer, virtual currency, or money service",Other service problem,Web,Closed with non-monetary relief,Yes,1
2025-09,"Money transfer, virtual currency, or money service",Other transaction problem,Web,Closed with explanation,Yes,17
2025-09,"Money transfer, virtual currency, or money service",Other transaction problem,Web,Closed with non-monetary relief,Yes,1
2025-09,"Money transfer, virtual currency, or money service",Problem with customer service,Web,Closed with explanation,Yes,3
2025-09,"Money transfer, virtual currency, or money service",Trouble accessing funds in your mobile or digital wallet,Web,Closed with explanation,Yes,7
2025-09,"Money transfer, virtual currency, or money service",Unauthorized transactions or other transaction problem,Web,Closed with explanation,No,1
2025-09,"Money transfer, virtual currency, or money service",Unauthorized transactions or other transaction problem,Web,Closed with explanation,Yes,19
2025-09,"Money transfer, virtual currency, or money service",Unauthorized transactions or other transaction problem,Web,Closed with non-monetary relief,Yes,1
2025-09,"Money transfer, virtual currency, or money service",Unexpected or other fees,Web,Closed with explanation,Yes,1
2025-09,"Money transfer, virtual currency, or money service",Unexpected or other fees,Web,Closed with monetary relief,Yes,1
2025-09,"Money transfer, virtual currency, or money service",Wrong amount charged or received,Web,Closed with explanation,Yes,1
2025-09,Mortgage,Applying for a mortgage or refinancing an existing mortgage,Web,Closed with explanation,Yes,1
2025-09,Mortgage,Closing on a mortgage,Web,Closed with explanation,Yes,8
2025-09,Mortgage,Improper use of your report,Web,Closed with explanation,Yes,1
2025-09,Mortgage,Incorrect information on your report,Web,Closed with explanation,Yes,2
2025-09,Mortgage,Incorrect information on your report,Web,Closed with non-monetary relief,Yes,1
2025-09,Mortgage,Problem with a company's investigation into an existing problem,Web,Closed with explanation,Yes,2
2025-09,Mortgage,Struggling to pay mortgage,Web,Closed with explanation,Yes,7
2025-09,Mortgage,Trouble during payment process,Web,Closed with explanation,Yes,11
2025-09,"Payday loan, title loan, personal loan, or advance loan",Can't contact lender or servicer,Web,Closed with explanation,Yes,1
2025-09,"Payday loan, title loan, personal loan, or advance loan",Can't stop withdrawals from your bank account,Web,Closed with explanation,Yes,1
2025-09,"Payday loan, title loan, personal loan, or advance loan",Charged fees or interest you didn't expect,Web,Closed with explanation,No,1
2025-09,"Payday loan, title loan, personal loan, or advance loan",Charged fees or interest you didn't expect,Web,Closed with explanation,Yes,3
2025-09,"Payday loan, title loan, personal loan, or advance loan",Getting a line of credit,Web,Closed with explanation,Yes,1
2025-09,"Payday loan, title loan, personal loan, or advance loan",Getting the loan,Web,Closed with explanation,Yes,2
2025-09,"Payday loan, title loan, personal loan, or advance loan",Incorrect information on your report,Web,Closed with explanation,Yes,3
2025-09,"Payday loan, title loan, personal loan, or advance loan",Problem when making payments,Web,Closed with explanation,Yes,1
2025-09,"Payday loan, title loan, personal loan, or advance loan",Problem when making payments,Web,Closed with monetary relief,Yes,2
2025-09,"Payday loan, title loan, personal loan, or advance loan",Problem with a company's investigation into an existing problem,Web,Closed with explanation,Yes,2
2025-09,"Payday loan, title loan, personal loan, or advance loan",Problem with a company's investigation into an existing problem,Web,Closed with non-monetary relief,Yes,1
2025-09,"Payday loan, title loan, personal loan, or advance loan",Problem with additional add-on products or services,Web,Closed with explanation,No,1
2025-09,"Payday loan, title loan, personal loan, or advance loan",Problem with additional add-on products or services,Web,Closed with explanation,Yes,3
2025-09,"Payday loan, title loan, personal loan, or advance loan",Problem with the payoff process at the end of the loan,Web,Closed with explanation,Yes,2
2025-09,"Payday loan, title loan, personal loan, or advance loan",Struggling to pay your loan,Web,Closed with explanation,Yes,4
2025-09,Prepaid card,Problem getting a card or closing an account,Web,Closed with explanation,No,1
2025-09,Prepaid card,Problem getting a card or closing an account,Web,Closed with explanation,Yes,3
2025-09,Prepaid card,Problem with a purchase or transfer,Web,Closed with explanation,Yes,4
2025-09,Prepaid card,Trouble using the card,Web,Closed with explanation,Yes,5
2025-09,Prepaid card,Unexpected or other fees,Web,Closed with non-monetary relief,Yes,1
2025-09,Student loan,Dealing with your lender or servicer,Web,Closed with explanation,No,2
2025-09,Student loan,Dealing with your lender or servicer,Web,Closed with explanation,Yes,13
2025-09,Student loan,Dealing with your lender or servicer,Web,In progress,Yes,2
2025-09,Student loan,Dealing with your lender or servicer,Web,Untimely response,No,3
2025-09,Student loan,Getting a loan,Web,Closed with explanation,Yes,1
2025-09,Student loan,Improper use of your report,Web,Closed with explanation,Yes,1
2025-09,Student loan,Incorrect information on your report,Web,Closed with explanation,Yes,3
2025-09,Student loan,Issue where my lender is my school,Web,Closed with explanation,Yes,1
2025-09,Student loan,Problem with a company's investigation into an existing problem,Web,Closed with explanation,Yes,3
2025-09,Student loan,Struggling to repay your loan,Web,Closed with explanation,Yes,2
2025-09,Student loan,Struggling to repay your loan,Web,Untimely response,No,3
2025-09,Vehicle loan or lease,Getting a loan or lease,Web,Closed with explanation,Yes,8
2025-09,Vehicle loan or lease,Incorrect information on your report,Web,Closed with explanation,Yes,2
2025-09,Vehicle loan or lease,Managing the loan or lease,Web,Closed with explanation,Yes,14
2025-09,Vehicle loan or lease,Managing the loan or lease,Web,Closed with monetary relief,Yes,1
2025-09,Vehicle loan or lease,Problem with a company's investigation into an existing problem,Web,Closed with explanation,Yes,2
2025-09,Vehicle loan or lease,Problems at the end of the loan or lease,Web,Closed with explanation,No,1
2025-09,Vehicle loan or lease,Problems at the end of the loan or lease,Web,Closed with explanation,Yes,5
2025-09,Vehicle loan or lease,Repossession,Web,Closed with explanation,No,1
2025-09,Vehicle loan or lease,Repossession,Web,Closed with explanation,Yes,8
2025-09,Vehicle loan or lease,Repossession,Web,Closed with non-monetary relief,Yes,2
2025-09,Vehicle loan or lease,Struggling to pay your loan,Web,Closed with explanation,Yes,1
2025-10,Checking or savings account,Closing an account,Web,Closed with explanation,Yes,36
2025-10,Checking or savings account,Closing an account,Web,Closed with monetary relief,Yes,3
2025-10,Checking or savings account,Closing an account,Web,Closed with non-monetary relief,Yes,5
2025-10,Checking or savings account,Credit monitoring or identity theft protection services,Web,Closed with explanation,Yes,1
2025-10,Checking or savings account,Managing an account,Web,Closed with explanation,No,1
2025-10,Checking or savings account,Managing an account,Web,Closed with explanation,Yes,99
2025-10,Checking or savings account,Managing an account,Web,Closed with monetary relief,Yes,18
2025-10,Checking or savings account,Managing an account,Web,Closed with non-monetary relief,Yes,9
2025-10,Checking or savings account,Managing an account,Web,Untimely response,No,1
2025-10,Checking or savings account,Opening an account,Web,Closed with explanation,Yes,16
2025-10,Checking or savings account,Opening an account,Web,Closed with monetary relief,Yes,4
2025-10,Checking or savings account,Opening an account,Web,Closed with non-monetary relief,Yes,3
2025-10,Checking or savings account,Problem caused by your funds being low,Web,Closed with explanation,Yes,19
2025-10,Checking or savings account,Problem caused by your funds being low,Web,Closed with monetary relief,Yes,5
2025-10,Checking or savings account,Problem caused by your funds being low,Web,Closed with non-monetary relief,Yes,1
2025-10,Checking or savings account,Problem with a company's investigation into an existing problem,Web,Closed with explanation,Yes,1
2025-10,Checking or savings account,Problem with a lender or other company charging your account,Web,Closed with explanation,Yes,34
2025-10,Checking or savings account,Problem with a lender or other company charging your account,Web,Closed with monetary relief,Yes,6
2025-10,Credit card,"Advertising and marketing, including promotional offers",Web,Closed with explanation,Yes,8
2025-10,Credit card,"Advertising and marketing, including promotional offers",Web,Closed with monetary relief,Yes,2
2025-10,Credit card,"Advertising and marketing, including promotional offers",Web,Closed with non-monetary relief,Yes,2
2025-10,Credit card,Closing your account,Web,Closed with explanation,Yes,13
2025-10,Credit card,Closing your account,Web,Closed with monetary relief,Yes,2
2025-10,Credit card,Closing your account,Web,Closed with non-monetary relief,Yes,2
2025-10,Credit card,Closing your account,Web,Untimely response,No,1
2025-10,Credit card,Credit monitoring or identity theft protection services,Web,Closed with explanation,Yes,1
2025-10,Credit card,Fees or interest,Web,Closed with explanation,Yes,15
2025-10,Credit card,Fees or interest,Web,Closed with monetary relief,Yes,6
2025-10,Credit card,Getting a credit card,Web,Closed with explanation,Yes,26
2025-10,Credit card,Getting a credit card,Web,Closed with non-monetary relief,Yes,4
2025-10,Credit card,Improper use of your report,Web,Closed with explanation,Yes,2
2025-10,Credit card,Incorrect information on your report,Web,Closed with explanation,Yes,19
2025-10,Credit card,Incorrect information on your report,Web,Closed with non-monetary relief,Yes,5
2025-10,Credit card,"Other features, terms, or problems",Web,Closed with explanation,Yes,18
2025-10,Credit card,"Other features, terms, or problems",Web,Closed with monetary relief,Yes,6
2025-10,Credit card,"Other features, terms, or problems",Web,Closed with non-monetary relief,Yes,3
2025-10,Credit card,Problem when making payments,Web,Closed with explanation,Yes,6
2025-10,Credit card,Problem when making payments,Web,Closed with monetary relief,Yes,1
2025-10,Credit card,Problem with a company's investigation into an existing problem,Web,Closed with explanation,Yes,12
2025-10,Credit card,Problem with a company's investigation into an existing problem,Web,Closed with monetary relief,Yes,1
2025-10,Credit card,Problem with a company's investigation into an existing problem,Web,Closed with non-monetary relief,Yes,2
2025-10,Credit card,Problem with a purchase shown on your statement,Web,Closed with explanation,Yes,37
2025-10,Credit card,Problem with a purchase shown on your statement,Web,Closed with monetary relief,Yes,24
2025-10,Credit card,Problem with a purchase shown on your statement,Web,Closed with non-monetary relief,Yes,2
2025-10,Credit card,Problem with fraud alerts or security freezes,Web,Closed with explanation,Yes,1
2025-10,Credit card,Struggling to pay your bill,Web,Closed with explanation,Yes,2
2025-10,Credit card,Trouble using your card,Web,Closed with explanation,Yes,12
2025-10,Credit card,Trouble using your card,Web,Closed with monetary relief,Yes,2
2025-10,Credit reporting or other personal consumer reports,Credit monitoring or identity theft protection services,Web,Closed with explanation,Yes,3
2025-10,Credit reporting or other personal consumer reports,Identity theft protection or other monitoring services,Web,Closed with explanation,Yes,1
2025-10,Credit reporting or other personal consumer reports,Improper use of your report,Web,Closed with explanation,No,1
2025-10,Credit reporting or other personal consumer reports,Improper use of your report,Web,Closed with explanation,Yes,499
2025-10,Credit reporting or other personal consumer reports,Improper use of your report,Web,Closed with monetary relief,Yes,1
2025-10,Credit reporting or other personal consumer reports,Improper use of your report,Web,Closed with non-monetary relief,Yes,267
2025-10,Credit reporting or other personal consumer reports,Incorrect information on your report,Web,Closed with explanation,No,1
2025-10,Credit reporting or other personal consumer reports,Incorrect information on your report,Web,Closed with explanation,Yes,876
2025-10,Credit reporting or other personal consumer reports,Incorrect information on your report,Web,Closed with monetary relief,Yes,3
2025-10,Credit reporting or other personal consumer reports,Incorrect information on your report,Web,Closed with non-monetary relief,No,1
2025-10,Credit reporting or other personal consumer reports,Incorrect information on your report,Web,Closed with non-monetary relief,Yes,405
2025-10,Credit reporting or other personal consumer reports,Problem with a company's investigation into an existing issue,Web,Closed with explanation,Yes,1
2025-10,Credit reporting or other personal consumer reports,Problem with a company's investigation into an existing problem,Web,Closed with explanation,Yes,230
2025-10,Credit reporting or other personal consumer reports,Problem with a company's investigation into an existing problem,Web,Closed with non-monetary relief,Yes,161
2025-10,Credit reporting or other personal consumer reports,Problem with fraud alerts or security freezes,Web,Closed with explanation,Yes,2
2025-10,Credit reporting or other personal consumer reports,Problem with fraud alerts or security freezes,Web,Closed with non-monetary relief,Yes,3
2025-10,Credit reporting or other personal consumer reports,Unable to get your credit report or credit score,Web,Closed with explanation,Yes,6
2025-10,Credit reporting or other personal consumer reports,Unable to get your credit report or credit score,Web,Closed with non-monetary relief,Yes,1
2025-10,Debt collection,Attempts to collect debt not owed,Web,Closed with explanation,No,1
2025-10,Debt collection,Attempts to collect debt not owed,Web,Closed with explanation,Yes,109
2025-10,Debt collection,Attempts to collect debt not owed,Web,Closed with non-monetary relief,Yes,30
2025-10,Debt collection,Attempts to collect debt not owed,Web,Untimely response,No,4
2025-10,Debt collection,Communication tactics,Web,Closed with explanation,No,1
2025-10,Debt collection,Communication tactics,Web,Closed with explanation,Yes,7
2025-10,Debt collection,Communication tactics,Web,Closed with non-monetary relief,Yes,3
2025-10,Debt collection,Electronic communications,Web,Closed with explanation,Yes,3
2025-10,Debt collection,False statements or representation,Web,Closed with explanation,Yes,32
2025-10,Debt collection,False statements or representation,Web,Closed with non-monetary relief,Yes,8
2025-10,Debt collection,Threatened to contact someone or share information improperly,Web,Closed with explanation,Yes,6
2025-10,Debt collection,Threatened to contact someone or share information improperly,Web,Closed with non-monetary relief,Yes,2
2025-10,Debt collection,Took or threatened to take negative or legal action,Web,Closed with explanation,Yes,20
2025-10,Debt collection,Took or threatened to take negative or legal action,Web,Closed with non-monetary relief,Yes,6
2025-10,Debt collection,Written notification about debt,Web,Closed with explanation,No,2
2025-10,Debt collection,Written notification about debt,Web,Closed with explanation,Yes,31
2025-10,Debt collection,Written notification about debt,Web,Closed with non-monetary relief,Yes,5
2025-10,Debt collection,Written notification about debt,Web,Untimely response,No,1
2025-10,Debt or credit management,Charged upfront or unexpected fees,Web,Closed with explanation,Yes,1
2025-10,Debt or credit management,Confusing or misleading advertising or marketing,Web,Closed with explanation,Yes,1
2025-10,Debt or credit management,Didn't provide services promised,Web,Closed with explanation,Yes,2
2025-10,"Money transfer, virtual currency, or money service",Confusing or missing disclosures,Web,Closed with explanation,Yes,1
2025-10,"Money transfer, virtual currency, or money service",Fraud or scam,Web,Closed with explanation,No,1
2025-10,"Money transfer, virtual currency, or money service",Fraud or scam,Web,Closed with explanation,Yes,35
2025-10,"Money transfer, virtual currency, or money service",Fraud or scam,Web,Closed with non-monetary relief,Yes,1
2025-10,"Money transfer, virtual currency, or money service","Managing, opening, or closing your mobile wallet account",Web,Closed with explanation,Yes,6
2025-10,"Money transfer, virtual currency, or money service",Money was not available when promised,Web,Closed with explanation,No,1
2025-10,"Money transfer, virtual currency, or money service",Money was not available when promised,Web,Closed with explanation,Yes,10
2025-10,"Money transfer, virtual currency, or money service",Other service problem,Web,Closed with explanation,Yes,3
2025-10,"Money transfer, virtual currency, or money service",Other service problem,Web,Closed with non-monetary relief,Yes,1
2025-10,"Money transfer, virtual currency, or money service",Other transaction problem,Web,Closed with explanation,Yes,85
2025-10,"Money transfer, virtual currency, or money service",Other transaction problem,Web,Closed with monetary relief,Yes,1
2025-10,"Money transfer, virtual currency, or money service","Overdraft, savings, or rewards features",Web,Closed with explanation,Yes,1
2025-10,"Money transfer, virtual currency, or money service",Problem with customer service,Web,Closed with monetary relief,Yes,1
2025-10,"Money transfer, virtual currency, or money service",Trouble accessing funds in your mobile or digital wallet,Web,Closed with explanation,Yes,3
2025-10,"Money transfer, virtual currency, or money service",Unauthorized transactions or other transaction problem,Web,Closed with explanation,Yes,11
2025-10,"Money transfer, virtual currency, or money service",Unauthorized transactions or other transaction problem,Web,Closed with monetary relief,Yes,3
2025-10,"Money transfer, virtual currency, or money service",Unauthorized transactions or other transaction problem,Web,Closed with non-monetary relief,Yes,3
2025-10,Mortgage,Applying for a mortgage or refinancing an existing mortgage,Web,Closed with explanation,Yes,2
2025-10,Mortgage,Closing on a mortgage,Web,Closed with explanation,Yes,3
2025-10,Mortgage,Problem with a company's investigation into an existing problem,Web,Closed with explanation,Yes,6
2025-10,Mortgage,Struggling to pay mortgage,Web,Closed with explanation,Yes,7
2025-10,Mortgage,Struggling to pay mortgage,Web,Closed with monetary relief,Yes,1
2025-10,Mortgage,Trouble during payment process,Web,Closed with explanation,Yes,22
2025-10,Mortgage,Trouble during payment process,Web,Closed with non-monetary relief,Yes,1
2025-10,"Payday loan, title loan, personal loan, or advance loan",Can't contact lender or servicer,Web,Closed with explanation,Yes,1
2025-10,"Payday loan, title loan, personal loan, or advance loan",Can't stop withdrawals from your bank account,Web,Closed with explanation,Yes,1
2025-10,"Payday loan, title loan, personal loan, or advance loan",Charged fees or interest you didn't expect,Web,Closed with explanation,No,1
2025-10,"Payday loan, title loan, personal loan, or advance loan",Charged fees or interest you didn't expect,Web,Closed with explanation,Yes,4
2025-10,"Payday loan, title loan, personal loan, or advance loan",Charged fees or interest you didn't expect,Web,Closed with monetary relief,Yes,1
2025-10,"Payday loan, title loan, personal loan, or advance loan",Confusing or misleading advertising or marketing,Web,Closed with non-monetary relief,Yes,1
2025-10,"Payday loan, title loan, personal loan, or advance loan",Getting the loan,Web,Closed with explanation,Yes,1
2025-10,"Payday loan, title loan, personal loan, or advance loan",Incorrect information on your report,Web,Closed with explanation,Yes,2
2025-10,"Payday loan, title loan, personal loan, or advance loan",Problem when making payments,Web,Closed with explanation,Yes,1
2025-10,"Payday loan, title loan, personal loan, or advance loan",Problem when making payments,Web,Closed with monetary relief,Yes,1
2025-10,"Payday loan, title loan, personal loan, or advance loan",Problem with the payoff process at the end of the loan,Web,Closed with explanation,Yes,1
2025-10,"Payday loan, title loan, personal loan, or advance loan",Struggling to pay your loan,Web,Closed with explanation,Yes,1
2025-10,"Payday loan, title loan, personal loan, or advance loan",Unexpected fees,Web,Closed with explanation,Yes,1
2025-10,Prepaid card,Problem getting a card or closing an account,Web,Closed with explanation,Yes,1
2025-10,Prepaid card,Problem with a purchase or transfer,Web,Closed with explanation,Yes,8
2025-10,Prepaid card,Trouble using the card,Web,Closed with explanation,Yes,9
2025-10,Prepaid card,Trouble using the card,Web,Closed with monetary relief,Yes,2
2025-10,Prepaid card,Trouble using the card,Web,Closed with non-monetary relief,Yes,2
2025-10,Prepaid card,Unexpected or other fees,Web,Closed with explanation,Yes,1
2025-10,Student loan,Dealing with your lender or servicer,Web,Closed with explanation,No,1
2025-10,Student loan,Dealing with your lender or servicer,Web,Closed with explanation,Yes,12
2025-10,Student loan,Dealing with your lender or servicer,Web,In progress,Yes,4
2025-10,Student loan,Dealing with your lender or servicer,Web,Untimely response,No,1
2025-10,Student loan,Getting a loan,Web,Closed with explanation,Yes,2
2025-10,Student loan,Incorrect information on your report,Web,Closed with explanation,Yes,1
2025-10,Student loan,Incorrect information on your report,Web,Untimely response,No,1
2025-10,Student loan,Problem with a company's investigation into an existing problem,Web,Closed with explanation,Yes,1
2025-10,Student loan,Problem with a company's investigation into an existing problem,Web,Untimely response,No,1
2025-10,Student loan,Struggling to repay your loan,Web,Closed with explanation,Yes,8
2025-10,Student loan,Struggling to repay your loan,Web,Untimely response,No,1
2025-10,Vehicle loan or lease,Getting a loan or lease,Web,Closed with explanation,Yes,11
2025-10,Vehicle loan or lease,Incorrect information on your report,Web,Closed with explanation,Yes,2
2025-10,Vehicle loan or lease,Incorrect information on your report,Web,Closed with monetary relief,Yes,1
2025-10,Vehicle loan or lease,Incorrect information on your report,Web,Closed with non-monetary relief,Yes,1
2025-10,Vehicle loan or lease,Managing the loan or lease,Web,Closed with explanation,Yes,19
2025-10,Vehicle loan or lease,Managing the loan or lease,Web,Closed with non-monetary relief,Yes,2
2025-10,Vehicle loan or lease,Problem with a company's investigation into an existing problem,Web,Closed with explanation,Yes,6
2025-10,Vehicle loan or lease,Problems at the end of the loan or lease,Web,Closed with explanation,Yes,7
2025-10,Vehicle loan or lease,Problems at the end of the loan or lease,Web,Closed with non-monetary relief,Yes,1
2025-10,Vehicle loan or lease,Repossession,Web,Closed with explanation,No,1
2025-10,Vehicle loan or lease,Repossession,Web,Closed with explanation,Yes,15
2025-10,Vehicle loan or lease,Repossession,Web,Closed with non-monetary relief,Yes,1
2025-10,Vehicle loan or lease,Struggling to pay your loan,Web,Closed with explanation,Yes,1
2025-10,Vehicle loan or lease,Struggling to pay your loan,Web,Closed with monetary relief,Yes,1
2025-11,Checking or savings account,Closing an account,Web,Closed with explanation,Yes,20
2025-11,Checking or savings account,Closing an account,Web,Closed with monetary relief,Yes,8
2025-11,Checking or savings account,Closing an account,Web,Closed with non-monetary relief,Yes,3
2025-11,Checking or savings account,Incorrect information on your report,Web,Closed with explanation,Yes,1
2025-11,Checking or savings account,Managing an account,Web,Closed with explanation,Yes,104
2025-11,Checking or savings account,Managing an account,Web,Closed with monetary relief,Yes,19
2025-11,Checking or savings account,Managing an account,Web,Closed with non-monetary relief,Yes,7
2025-11,Checking or savings account,Opening an account,Web,Closed with explanation,Yes,27
2025-11,Checking or savings account,Opening an account,Web,Closed with monetary relief,Yes,1
2025-11,Checking or savings account,Opening an account,Web,Closed with non-monetary relief,Yes,2
2025-11,Checking or savings account,Problem caused by your funds being low,Web,Closed with explanation,Yes,13
2025-11,Checking or savings account,Problem caused by your funds being low,Web,Closed with monetary relief,Yes,1
2025-11,Checking or savings account,Problem caused by your funds being low,Web,Untimely response,No,1
2025-11,Checking or savings account,Problem with a company's investigation into an existing problem,Web,Closed with explanation,Yes,1
2025-11,Checking or savings account,Problem with a company's investigation into an existing problem,Web,Closed with monetary relief,Yes,1
2025-11,Checking or savings account,Problem with a lender or other company charging your account,Web,Closed with explanation,Yes,36
2025-11,Checking or savings account,Problem with a lender or other company charging your account,Web,Closed with monetary relief,Yes,8
2025-11,Checking or savings account,Problem with a lender or other company charging your account,Web,Closed with non-monetary relief,Yes,1
2025-11,Checking or savings account,Problem with fraud alerts or security freezes,Web,Closed with explanation,Yes,1
2025-11,Credit card,"Advertising and marketing, including promotional offers",Web,Closed with explanation,Yes,11
2025-11,Credit card,"Advertising and marketing, including promotional offers",Web,Closed with monetary relief,Yes,2
2025-11,Credit card,"Advertising and marketing, including promotional offers",Web,Closed with non-monetary relief,Yes,1
2025-11,Credit card,Closing your account,Web,Closed with explanation,Yes,17
2025-11,Credit card,Closing your account,Web,Closed with monetary relief,Yes,1
2025-11,Credit card,Closing your account,Web,Closed with non-monetary relief,Yes,3
2025-11,Credit card,Credit monitoring or identity theft protection services,Web,Closed with explanation,Yes,1
2025-11,Credit card,Fees or interest,Web,Closed with explanation,Yes,25
2025-11,Credit card,Fees or interest,Web,Closed with monetary relief,Yes,10
2025-11,Credit card,Getting a credit card,Web,Closed with explanation,Yes,19
2025-11,Credit card,Getting a credit card,Web,Closed with non-monetary relief,Yes,5
2025-11,Credit card,Improper use of your report,Web,Closed with explanation,Yes,2
2025-11,Credit card,Incorrect information on your report,Web,Closed with explanation,Yes,7
2025-11,Credit card,Incorrect information on your report,Web,Closed with non-monetary relief,Yes,1
2025-11,Credit card,"Other features, terms, or problems",Web,Closed with explanation,Yes,18
2025-11,Credit card,"Other features, terms, or problems",Web,Closed with monetary relief,Yes,4
2025-11,Credit card,Problem when making payments,Web,Closed with explanation,Yes,6
2025-11,Credit card,Problem when making payments,Web,Closed with monetary relief,Yes,1
2025-11,Credit card,Problem when making payments,Web,Closed with non-monetary relief,Yes,2
2025-11,Credit card,Problem with a company's investigation into an existing problem,Web,Closed with explanation,Yes,13
2025-11,Credit card,Problem with a company's investigation into an existing problem,Web,Closed with monetary relief,Yes,1
2025-11,Credit card,Problem with a company's investigation into an existing problem,Web,Closed with non-monetary relief,Yes,3
2025-11,Credit card,Problem with a purchase shown on your statement,Web,Closed with explanation,No,2
2025-11,Credit card,Problem with a purchase shown on your statement,Web,Closed with explanation,Yes,70
2025-11,Credit card,Problem with a purchase shown on your statement,Web,Closed with monetary relief,Yes,25
2025-11,Credit card,Trouble using your card,Web,Closed with explanation,Yes,8
2025-11,Credit card,Trouble using your card,Web,Closed with monetary relief,Yes,1
2025-11,Credit card,Trouble using your card,Web,Closed with non-monetary relief,Yes,3
2025-11,Credit reporting or other personal consumer reports,Credit monitoring or identity theft protection services,Web,Closed with explanation,Yes,3
2025-11,Credit reporting or other personal consumer reports,Improper use of your report,Web,Closed with explanation,Yes,404
2025-11,Credit reporting or other personal consumer reports,Improper use of your report,Web,Closed with non-monetary relief,Yes,245
2025-11,Credit reporting or other personal consumer reports,Incorrect information on your report,Web,Closed with explanation,Yes,762
2025-11,Credit reporting or other personal consumer reports,Incorrect information on your report,Web,Closed with non-monetary relief,No,1
2025-11,Credit reporting or other personal consumer reports,Incorrect information on your report,Web,Closed with non-monetary relief,Yes,532
2025-11,Credit reporting or other personal consumer reports,Incorrect information on your report,Web,Untimely response,No,1
2025-11,Credit reporting or other personal consumer reports,Problem with a company's investigation into an existing problem,Web,Closed with explanation,Yes,198
2025-11,Credit reporting or other personal consumer reports,Problem with a company's investigation into an existing problem,Web,Closed with non-monetary relief,Yes,164
2025-11,Credit reporting or other personal consumer reports,Problem with fraud alerts or security freezes,Web,Closed with explanation,Yes,3
2025-11,Credit reporting or other personal consumer reports,Unable to get your credit report or credit score,Web,Closed with explanation,Yes,10
2025-11,Credit reporting or other personal consumer reports,Unable to get your credit report or credit score,Web,Closed with non-monetary relief,Yes,1
2025-11,Debt collection,Attempts to collect debt not owed,Web,Closed with explanation,No,1
2025-11,Debt collection,Attempts to collect debt not owed,Web,Closed with explanation,Yes,95
2025-11,Debt collection,Attempts to collect debt not owed,Web,Closed with non-monetary relief,Yes,37
2025-11,Debt collection,Communication tactics,Web,Closed with explanation,No,1
2025-11,Debt collection,Communication tactics,Web,Closed with explanation,Yes,16
2025-11,Debt collection,Communication tactics,Web,Closed with non-monetary relief,Yes,5
2025-11,Debt collection,Communication tactics,Web,Untimely response,No,1
2025-11,Debt collection,Electronic communications,Web,Closed with explanation,Yes,6
2025-11,Debt collection,Electronic communications,Web,Closed with monetary relief,Yes,1
2025-11,Debt collection,Electronic communications,Web,Closed with non-monetary relief,Yes,2
2025-11,Debt collection,False statements or representation,Web,Closed with explanation,No,1
2025-11,Debt collection,False statements or representation,Web,Closed with explanation,Yes,26
2025-11,Debt collection,False statements or representation,Web,Closed with non-monetary relief,Yes,7
2025-11,Debt collection,False statements or representation,Web,Untimely response,No,1
2025-11,Debt collection,Threatened to contact someone or share information improperly,Web,Closed with explanation,Yes,1
2025-11,Debt collection,Took or threatened to take negative or legal action,Web,Closed with explanation,No,1
2025-11,Debt collection,Took or threatened to take negative or legal action,Web,Closed with explanation,Yes,18
2025-11,Debt collection,Took or threatened to take negative or legal action,Web,Closed with non-monetary relief,Yes,3
2025-11,Debt collection,Written notification about debt,Web,Closed with explanation,Yes,32
2025-11,Debt collection,Written notification about debt,Web,Closed with non-monetary relief,Yes,11
2025-11,Debt or credit management,Charged upfront or unexpected fees,Web,Closed with explanation,Yes,2
2025-11,Debt or credit management,Confusing or missing disclosures,Web,Closed with non-monetary relief,Yes,2
2025-11,Debt or credit management,Didn't provide services promised,Web,Closed with explanation,No,1
2025-11,Debt or credit management,Didn't provide services promised,Web,Closed with explanation,Yes,2
2025-11,Debt or credit management,Problem with customer service,Web,Closed with explanation,Yes,3
2025-11,"Money transfer, virtual currency, or money service",Confusing or missing disclosures,Web,Closed with explanation,Yes,3
2025-11,"Money transfer, virtual currency, or money service",Fraud or scam,Web,Closed with explanation,No,3
2025-11,"Money transfer, virtual currency, or money service",Fraud or scam,Web,Closed with explanation,Yes,23
2025-11,"Money transfer, virtual currency, or money service",Fraud or scam,Web,Closed with monetary relief,Yes,2
2025-11,"Money transfer, virtual currency, or money service",Fraud or scam,Web,Closed with non-monetary relief,Yes,1
2025-11,"Money transfer, virtual currency, or money service",Fraud or scam,Web,Untimely response,No,1
2025-11,"Money transfer, virtual currency, or money service",Lost or stolen money order,Web,Closed with explanation,Yes,2
2025-11,"Money transfer, virtual currency, or money service","Managing, opening, or closing your mobile wallet account",Web,Closed with explanation,Yes,5
2025-11,"Money transfer, virtual currency, or money service","Managing, opening, or closing your mobile wallet account",Web,Closed with non-monetary relief,Yes,1
2025-11,"Money transfer, virtual currency, or money service",Money was not available when promised,Web,Closed with explanation,Yes,3
2025-11,"Money transfer, virtual currency, or money service",Money was not available when promised,Web,Closed with monetary relief,Yes,1
2025-11,"Money transfer, virtual currency, or money service",Other service problem,Web,Closed with explanation,Yes,3
2025-11,"Money transfer, virtual currency, or money service",Other transaction problem,Web,Closed with explanation,Yes,20
2025-11,"Money transfer, virtual currency, or money service",Problem with customer service,Web,Closed with explanation,Yes,1
2025-11,"Money transfer, virtual currency, or money service",Trouble accessing funds in your mobile or digital wallet,Web,Closed with explanation,Yes,13
2025-11,"Money transfer, virtual currency, or money service",Trouble accessing funds in your mobile or digital wallet,Web,Closed with non-monetary relief,Yes,1
2025-11,"Money transfer, virtual currency, or money service",Unauthorized transactions or other transaction problem,Web,Closed with explanation,No,1
2025-11,"Money transfer, virtual currency, or money service",Unauthorized transactions or other transaction problem,Web,Closed with explanation,Yes,7
2025-11,"Money transfer, virtual currency, or money service",Unauthorized transactions or other transaction problem,Web,Closed with monetary relief,Yes,1
2025-11,"Money transfer, virtual currency, or money service",Unexpected or other fees,Web,Closed with explanation,Yes,2
2025-11,"Money transfer, virtual currency, or money service",Wrong amount charged or received,Web,Closed with explanation,Yes,3
2025-11,Mortgage,Applying for a mortgage or refinancing an existing mortgage,Web,Closed with explanation,Yes,3
2025-11,Mortgage,Closing on a mortgage,Web,Closed with explanation,Yes,2
2025-11,Mortgage,Problem with a company's investigation into an existing problem,Web,Closed with explanation,Yes,1
2025-11,Mortgage,Struggling to pay mortgage,Web,Closed with explanation,Yes,18
2025-11,Mortgage,Trouble during payment process,Web,Closed with explanation,Yes,20
2025-11,Mortgage,Trouble during payment process,Web,Closed with monetary relief,Yes,1
2025-11,Mortgage,Trouble during payment process,Web,Closed with non-monetary relief,Yes,2
2025-11,"Payday loan, title loan, personal loan, or advance loan",Charged fees or interest you didn't expect,Web,Closed with explanation,Yes,9
2025-11,"Payday loan, title loan, personal loan, or advance loan",Confusing or misleading advertising or marketing,Web,Closed with explanation,Yes,1
2025-11,"Payday loan, title loan, personal loan, or advance loan",Confusing or missing disclosures,Web,Closed with explanation,Yes,1
2025-11,"Payday loan, title loan, personal loan, or advance loan",Getting the loan,Web,Closed with explanation,Yes,3
2025-11,"Payday loan, title loan, personal loan, or advance loan",Improper use of your report,Web,Closed with explanation,Yes,1
2025-11,"Payday loan, title loan, personal loan, or advance loan",Issues with repayment,Web,Closed with explanation,Yes,1
2025-11,"Payday loan, title loan, personal loan, or advance loan",Problem when making payments,Web,Closed with explanation,Yes,4
2025-11,"Payday loan, title loan, personal loan, or advance loan",Problem with a company's investigation into an existing problem,Web,Closed with non-monetary relief,Yes,1
2025-11,"Payday loan, title loan, personal loan, or advance loan",Problem with additional add-on products or services,Web,Closed with explanation,No,1
2025-11,"Payday loan, title loan, personal loan, or advance loan",Problem with additional add-on products or services,Web,Closed with explanation,Yes,5
2025-11,"Payday loan, title loan, personal loan, or advance loan",Problem with the payoff process at the end of the loan,Web,Closed with explanation,Yes,2
2025-11,"Payday loan, title loan, personal loan, or advance loan","Was approved for a loan, but didn't receive the money",Web,Closed with explanation,Yes,1
2025-11,Prepaid card,Problem getting a card or closing an account,Web,Closed with explanation,Yes,2
2025-11,Prepaid card,Problem getting a card or closing an account,Web,Closed with monetary relief,Yes,1
2025-11,Prepaid card,Problem getting a card or closing an account,Web,Closed with non-monetary relief,Yes,1
2025-11,Prepaid card,Problem with a purchase or transfer,Web,Closed with explanation,Yes,3
2025-11,Prepaid card,Trouble using the card,Web,Closed with explanation,Yes,4
2025-11,Prepaid card,Trouble using the card,Web,Closed with non-monetary relief,Yes,2
2025-11,Prepaid card,Unexpected or other fees,Web,Closed with monetary relief,Yes,1
2025-11,Student loan,Dealing with your lender or servicer,Web,Closed with explanation,No,1
2025-11,Student loan,Dealing with your lender or servicer,Web,Closed with explanation,Yes,14
2025-11,Student loan,Dealing with your lender or servicer,Web,Closed with monetary relief,Yes,1
2025-11,Student loan,Dealing with your lender or servicer,Web,Untimely response,No,1
2025-11,Student loan,Getting a loan,Web,Closed with explanation,Yes,1
2025-11,Student loan,Incorrect information on your report,Web,Closed with explanation,Yes,3
2025-11,Student loan,Problem with a company's investigation into an existing problem,Web,Closed with explanation,Yes,2
2025-11,Student loan,Struggling to repay your loan,Web,Closed with explanation,Yes,5
2025-11,Student loan,Struggling to repay your loan,Web,Untimely response,No,2
2025-11,Vehicle loan or lease,Credit monitoring or identity theft protection services,Web,Closed with explanation,Yes,1
2025-11,Vehicle loan or lease,Getting a loan or lease,Web,Closed with explanation,Yes,8
2025-11,Vehicle loan or lease,Improper use of your report,Web,Closed with explanation,Yes,1
2025-11,Vehicle loan or lease,Incorrect information on your report,Web,Closed with explanation,Yes,3
2025-11,Vehicle loan or lease,Managing the loan or lease,Web,Closed with explanation,No,1
2025-11,Vehicle loan or lease,Managing the loan or lease,Web,Closed with explanation,Yes,17
2025-11,Vehicle loan or lease,Managing the loan or lease,Web,Closed with monetary relief,Yes,1
2025-11,Vehicle loan or lease,Managing the loan or lease,Web,Closed with non-monetary relief,Yes,1
2025-11,Vehicle loan or lease,Problem with a company's investigation into an existing problem,Web,Closed with explanation,Yes,5
2025-11,Vehicle loan or lease,Problems at the end of the loan or lease,Web,Closed with explanation,Yes,8
2025-11,Vehicle loan or lease,Problems at the end of the loan or lease,Web,Closed with non-monetary relief,Yes,1
2025-11,Vehicle loan or lease,Repossession,Web,Closed with explanation,Yes,9
2025-11,Vehicle loan or lease,Repossession,Web,Closed with non-monetary relief,Yes,1
2025-11,Vehicle loan or lease,Struggling to pay your loan,Web,Closed with monetary relief,Yes,1
2025-12,Checking or savings account,Closing an account,Web,Closed with explanation,Yes,34
2025-12,Checking or savings account,Closing an account,Web,Closed with monetary relief,Yes,3
2025-12,Checking or savings account,Closing an account,Web,Closed with non-monetary relief,Yes,2
2025-12,Checking or savings account,Managing an account,Web,Closed with explanation,No,1
2025-12,Checking or savings account,Managing an account,Web,Closed with explanation,Yes,115
2025-12,Checking or savings account,Managing an account,Web,Closed with monetary relief,Yes,26
2025-12,Checking or savings account,Managing an account,Web,Closed with non-monetary relief,Yes,7
2025-12,Checking or savings account,Opening an account,Web,Closed with explanation,Yes,18
2025-12,Checking or savings account,Opening an account,Web,Closed with monetary relief,Yes,2
2025-12,Checking or savings account,Opening an account,Web,Closed with non-monetary relief,Yes,1
2025-12,Checking or savings account,Problem caused by your funds being low,Web,Closed with explanation,Yes,9
2025-12,Checking or savings account,Problem caused by your funds being low,Web,Closed with monetary relief,Yes,3
2025-12,Checking or savings account,Problem with a lender or other company charging your account,Web,Closed with explanation,Yes,31
2025-12,Checking or savings account,Problem with a lender or other company charging your account,Web,Closed with monetary relief,Yes,7
2025-12,Checking or savings account,Problem with a lender or other company charging your account,Web,Closed with non-monetary relief,Yes,1
2025-12,Credit card,"Advertising and marketing, including promotional offers",Web,Closed with explanation,Yes,14
2025-12,Credit card,"Advertising and marketing, including promotional offers",Web,Closed with monetary relief,Yes,1
2025-12,Credit card,Closing your account,Web,Closed with explanation,Yes,24
2025-12,Credit card,Closing your account,Web,Closed with monetary relief,Yes,1
2025-12,Credit card,Fees or interest,Web,Closed with explanation,No,1
2025-12,Credit card,Fees or interest,Web,Closed with explanation,Yes,24
2025-12,Credit card,Fees or interest,Web,Closed with monetary relief,Yes,9
2025-12,Credit card,Fees or interest,Web,Closed with non-monetary relief,Yes,2
2025-12,Credit card,Getting a credit card,Web,Closed with explanation,Yes,17
2025-12,Credit card,Getting a credit card,Web,Closed with non-monetary relief,Yes,3
2025-12,Credit card,Incorrect information on your report,Web,Closed with explanation,Yes,4
2025-12,Credit card,Incorrect information on your report,Web,Closed with non-monetary relief,Yes,3
2025-12,Credit card,"Other features, terms, or problems",Web,Closed with explanation,Yes,19
2025-12,Credit card,"Other features, terms, or problems",Web,Closed with monetary relief,Yes,4
2025-12,Credit card,"Other features, terms, or problems",Web,Closed with non-monetary relief,Yes,4
2025-12,Credit card,Problem when making payments,Web,Closed with explanation,Yes,3
2025-12,Credit card,Problem when making payments,Web,Closed with monetary relief,Yes,2
2025-12,Credit card,Problem with a company's investigation into an existing problem,Web,Closed with explanation,Yes,7
2025-12,Credit card,Problem with a purchase shown on your statement,Web,Closed with explanation,No,1
2025-12,Credit card,Problem with a purchase shown on your statement,Web,Closed with explanation,Yes,57
2025-12,Credit card,Problem with a purchase shown on your statement,Web,Closed with monetary relief,Yes,14
2025-12,Credit card,Problem with a purchase shown on your statement,Web,Closed with non-monetary relief,Yes,3
2025-12,Credit card,Problem with fraud alerts or security freezes,Web,Closed with explanation,Yes,2
2025-12,Credit card,Struggling to pay your bill,Web,Closed with explanation,Yes,3
2025-12,Credit card,Struggling to pay your bill,Web,Closed with monetary relief,Yes,1
2025-12,Credit card,Trouble using your card,Web,Closed with explanation,Yes,13
2025-12,Credit reporting or other personal consumer reports,Credit monitoring or identity theft protection services,Web,Closed with explanation,Yes,6
2025-12,Credit reporting or other personal consumer reports,Credit monitoring or identity theft protection services,Web,Untimely response,No,1
2025-12,Credit reporting or other personal consumer reports,Improper use of your report,Web,Closed with explanation,Yes,299
2025-12,Credit reporting or other personal consumer reports,Improper use of your report,Web,Closed with non-monetary relief,Yes,139
2025-12,Credit reporting or other personal consumer reports,Incorrect information on your report,Web,Closed with explanation,Yes,586
2025-12,Credit reporting or other personal consumer reports,Incorrect information on your report,Web,Closed with non-monetary relief,Yes,340
2025-12,Credit reporting or other personal consumer reports,Problem with a company's investigation into an existing issue,Web,Closed with explanation,Yes,2
2025-12,Credit reporting or other personal consumer reports,Problem with a company's investigation into an existing issue,Web,Closed with non-monetary relief,Yes,1
2025-12,Credit reporting or other personal consumer reports,Problem with a company's investigation into an existing problem,Web,Closed with explanation,Yes,152
2025-12,Credit reporting or other personal consumer reports,Problem with a company's investigation into an existing problem,Web,Closed with monetary relief,Yes,1
2025-12,Credit reporting or other personal consumer reports,Problem with a company's investigation into an existing problem,Web,Closed with non-monetary relief,Yes,100
2025-12,Credit reporting or other personal consumer reports,Problem with fraud alerts or security freezes,Web,Closed with explanation,Yes,7
2025-12,Credit reporting or other personal consumer reports,Problem with fraud alerts or security freezes,Web,Closed with non-monetary relief,Yes,2
2025-12,Credit reporting or other personal consumer reports,Unable to get your credit report or credit score,Web,Closed with explanation,Yes,8
2025-12,Debt collection,Attempts to collect debt not owed,Web,Closed with explanation,No,1
2025-12,Debt collection,Attempts to collect debt not owed,Web,Closed with explanation,Yes,71
2025-12,Debt collection,Attempts to collect debt not owed,Web,Closed with non-monetary relief,Yes,19
2025-12,Debt collection,Communication tactics,Web,Closed with explanation,Yes,7
2025-12,Debt collection,Communication tactics,Web,Closed with non-monetary relief,Yes,3
2025-12,Debt collection,Electronic communications,Web,Closed with explanation,Yes,3
2025-12,Debt collection,Electronic communications,Web,Closed with non-monetary relief,Yes,3
2025-12,Debt collection,False statements or representation,Web,Closed with explanation,No,1
2025-12,Debt collection,False statements or representation,Web,Closed with explanation,Yes,35
2025-12,Debt collection,False statements or representation,Web,Closed with non-monetary relief,Yes,3
2025-12,Debt collection,Threatened to contact someone or share information improperly,Web,Closed with non-monetary relief,Yes,3
2025-12,Debt collection,Took or threatened to take negative or legal action,Web,Closed with explanation,Yes,25
2025-12,Debt collection,Took or threatened to take negative or legal action,Web,Closed with monetary relief,Yes,1
2025-12,Debt collection,Took or threatened to take negative or legal action,Web,Closed with non-monetary relief,Yes,5
2025-12,Debt collection,Written notification about debt,Web,Closed with explanation,No,1
2025-12,Debt collection,Written notification about debt,Web,Closed with explanation,Yes,32
2025-12,Debt collection,Written notification about debt,Web,Closed with non-monetary relief,Yes,9
2025-12,Debt or credit management,Charged upfront or unexpected fees,Web,Closed with explanation,Yes,2
2025-12,Debt or credit management,Confusing or missing disclosures,Web,Closed with non-monetary relief,Yes,1
2025-12,Debt or credit management,Didn't provide services promised,Web,Closed with explanation,Yes,4
2025-12,Debt or credit management,Didn't provide services promised,Web,Untimely response,No,1
2025-12,Debt or credit management,Problem with customer service,Web,Closed with explanation,Yes,3
2025-12,Debt or credit management,Unauthorized withdrawals or charges,Web,Closed with explanation,Yes,1
2025-12,"Money transfer, virtual currency, or money service",Confusing or misleading advertising or marketing,Web,Closed with explanation,Yes,1
2025-12,"Money transfer, virtual currency, or money service",Confusing or missing disclosures,Web,Closed with explanation,Yes,3
2025-12,"Money transfer, virtual currency, or money service",Confusing or missing disclosures,Web,Closed with monetary relief,Yes,1
2025-12,"Money transfer, virtual currency, or money service",Fraud or scam,Web,Closed with explanation,Yes,22
2025-12,"Money transfer, virtual currency, or money service",Fraud or scam,Web,Closed with monetary relief,Yes,1
2025-12,"Money transfer, virtual currency, or money service",Fraud or scam,Web,Closed with non-monetary relief,Yes,1
2025-12,"Money transfer, virtual currency, or money service",Lost or stolen money order,Web,Closed with monetary relief,Yes,1
2025-12,"Money transfer, virtual currency, or money service","Managing, opening, or closing your mobile wallet account",Web,Closed with explanation,Yes,4
2025-12,"Money transfer, virtual currency, or money service","Managing, opening, or closing your mobile wallet account",Web,Closed with non-monetary relief,Yes,3
2025-12,"Money transfer, virtual currency, or money service",Money was not available when promised,Web,Closed with explanation,Yes,6
2025-12,"Money transfer, virtual currency, or money service",Money was not available when promised,Web,Closed with monetary relief,Yes,3
2025-12,"Money transfer, virtual currency, or money service",Other service problem,Web,Closed with explanation,Yes,1
2025-12,"Money transfer, virtual currency, or money service",Other transaction problem,Web,Closed with explanation,Yes,15
2025-12,"Money transfer, virtual currency, or money service",Other transaction problem,Web,Closed with monetary relief,Yes,2
2025-12,"Money transfer, virtual currency, or money service",Other transaction problem,Web,Closed with non-monetary relief,Yes,1
2025-12,"Money transfer, virtual currency, or money service",Other transaction problem,Web,Untimely response,No,1
2025-12,"Money transfer, virtual currency, or money service","Overdraft, savings, or rewards features",Web,Closed with explanation,Yes,1
2025-12,"Money transfer, virtual currency, or money service",Problem adding money,Web,Closed with explanation,Yes,2
2025-12,"Money transfer, virtual currency, or money service",Problem with customer service,Web,Closed with explanation,Yes,3
2025-12,"Money transfer, virtual currency, or money service",Trouble accessing funds in your mobile or digital wallet,Web,Closed with explanation,Yes,10
2025-12,"Money transfer, virtual currency, or money service",Unauthorized transactions or other transaction problem,Web,Closed with explanation,Yes,12
2025-12,"Money transfer, virtual currency, or money service",Unauthorized transactions or other transaction problem,Web,Closed with monetary relief,Yes,1
2025-12,"Money transfer, virtual currency, or money service",Unauthorized transactions or other transaction problem,Web,Closed with non-monetary relief,Yes,1
2025-12,"Money transfer, virtual currency, or money service",Unexpected or other fees,Web,Closed with monetary relief,Yes,1
2025-12,Mortgage,Applying for a mortgage or refinancing an existing mortgage,Web,Closed with explanation,Yes,3
2025-12,Mortgage,Closing on a mortgage,Web,Closed with explanation,Yes,5
2025-12,Mortgage,Problem with a company's investigation into an existing problem,Web,Closed with explanation,No,1
2025-12,Mortgage,Problem with a company's investigation into an existing problem,Web,Closed with explanation,Yes,4
2025-12,Mortgage,Problem with fraud alerts or security freezes,Web,Closed with explanation,Yes,1
2025-12,Mortgage,Struggling to pay mortgage,Web,Closed with explanation,Yes,7
2025-12,Mortgage,Trouble during payment process,Web,Closed with explanation,Yes,15
2025-12,"Payday loan, title loan, personal loan, or advance loan",Charged fees or interest you didn't expect,Web,Closed with explanation,No,1
2025-12,"Payday loan, title loan, personal loan, or advance loan",Charged fees or interest you didn't expect,Web,Closed with explanation,Yes,3
2025-12,"Payday loan, title loan, personal loan, or advance loan",Confusing or missing disclosures,Web,Closed with explanation,Yes,1
2025-12,"Payday loan, title loan, personal loan, or advance loan",Getting a line of credit,Web,Closed with explanation,Yes,1
2025-12,"Payday loan, title loan, personal loan, or advance loan",Issues with repayment,Web,Closed with explanation,Yes,1
2025-12,"Payday loan, title loan, personal loan, or advance loan",Problem when making payments,Web,Closed with explanation,Yes,4
2025-12,"Payday loan, title loan, personal loan, or advance loan",Problem with additional add-on products or services,Web,Closed with explanation,Yes,3
2025-12,"Payday loan, title loan, personal loan, or advance loan",Problem with the payoff process at the end of the loan,Web,Closed with explanation,Yes,1
2025-12,"Payday loan, title loan, personal loan, or advance loan",Struggling to pay your loan,Web,Closed with explanation,Yes,2
2025-12,Prepaid card,Problem getting a card or closing an account,Web,Closed with explanation,Yes,2
2025-12,Prepaid card,Problem getting a card or closing an account,Web,Closed with monetary relief,Yes,1
2025-12,Prepaid card,Problem with a purchase or transfer,Web,Closed with explanation,Yes,4
2025-12,Prepaid card,Trouble using the card,Web,Closed with explanation,Yes,6
2025-12,Prepaid card,Trouble using the card,Web,Closed with monetary relief,Yes,2
2025-12,Prepaid card,Unexpected or other fees,Web,Closed with explanation,Yes,3
2025-12,Student loan,Dealing with your lender or servicer,Web,Closed with explanation,Yes,11
2025-12,Student loan,Dealing with your lender or servicer,Web,Untimely response,No,9
2025-12,Student loan,Incorrect information on your report,Web,Closed with explanation,Yes,3
2025-12,Student loan,Struggling to repay your loan,Web,Closed with explanation,No,1
2025-12,Student loan,Struggling to repay your loan,Web,Closed with explanation,Yes,4
2025-12,Student loan,Struggling to repay your loan,Web,Untimely response,No,3
2025-12,Vehicle loan or lease,Getting a loan or lease,Web,Closed with explanation,No,1
2025-12,Vehicle loan or lease,Getting a loan or lease,Web,Closed with explanation,Yes,2
2025-12,Vehicle loan or lease,Incorrect information on your report,Web,Closed with explanation,Yes,3
2025-12,Vehicle loan or lease,Managing the loan or lease,Web,Closed with explanation,Yes,13
2025-12,Vehicle loan or lease,Managing the loan or lease,Web,Closed with monetary relief,Yes,2
2025-12,Vehicle loan or lease,Managing the loan or lease,Web,Closed with non-monetary relief,Yes,1
2025-12,Vehicle loan or lease,Problem with a company's investigation into an existing problem,Web,Closed with explanation,Yes,2
2025-12,Vehicle loan or lease,Problems at the end of the loan or lease,Web,Closed with explanation,Yes,6
2025-12,Vehicle loan or lease,Repossession,Web,Closed with explanation,Yes,9
2025-12,Vehicle loan or lease,Struggling to pay your loan,Web,Closed with explanation,Yes,1
